snapshot_date,metric,unit,n,minimum,median,maximum
2026-09-05,prx_error,%,20,0.033685376743097795,0.061985977324002794,0.71948189598983747
2026-09-05,t1,us,20,9.774326170346999,38.789916934000544,60.932685759936014
2026-09-05,t2_ramsey,us,20,3.6829037900508208,9.592093694407346,31.065290083162164
2026-09-05,t2_echo,us,20,8.6417023423218993,22.032440623593782,42.297281857723917
2026-09-05,readout_error,%,20,0.80500000000000016,1.5174999999999994,3.8799999999999946
2026-09-05,readout_0_to_1,%,20,0.41000000000000003,1.26,2.4699999999999998
2026-09-05,readout_1_to_0,%,20,0.89000000000000001,1.895,6.8900000000000006
2026-09-15,prx_error,%,20,0.028689620063804266,0.061456472825249797,0.36686116296912319
2026-09-15,t1,us,20,21.149409624241951,42.298146562986318,63.070310221125212
2026-09-15,t2_ramsey,us,20,5.0163189439133209,9.4142618890585439,23.287126526942302
2026-09-15,t2_echo,us,20,13.204222707967828,21.795770376360579,33.061661703512087
2026-09-15,readout_error,%,20,0.9099999999999997,1.8625000000000003,3.4050000000000025
2026-09-15,readout_0_to_1,%,20,0.47999999999999998,1.415,2.2200000000000002
2026-09-15,readout_1_to_0,%,20,1.0600000000000001,1.9199999999999999,5.1900000000000004
