job_id,family,panel,circuit_idx,circuit,sweep_idx,epsilon,detuning_Hz,detuning_MHz,n_qubits,p1_mean,sample_std_across_qubits,sem_across_qubits
01a072a2-2420-7832-9e14-2cdcc10719b2,a,A,0,standard_pi_2,0,-0.2,0.0,0.0,20.0,0.348486328125,0.022547421369003506,0.005041756689842321
01a072a2-2420-7832-9e14-2cdcc10719b2,a,A,0,standard_pi_2,1,-0.18666666666666668,0.0,0.0,20.0,0.360888671875,0.024180575531982804,0.005406941062458169
01a072a2-2420-7832-9e14-2cdcc10719b2,a,A,0,standard_pi_2,2,-0.17333333333333334,0.0,0.0,20.0,0.3595703125,0.022743193967970293,0.005085532773784474
01a072a2-2420-7832-9e14-2cdcc10719b2,a,A,0,standard_pi_2,3,-0.16,0.0,0.0,20.0,0.373681640625,0.02198612982369879,0.0049162480847925955
01a072a2-2420-7832-9e14-2cdcc10719b2,a,A,0,standard_pi_2,4,-0.14666666666666667,0.0,0.0,20.0,0.39111328125,0.02449001343914256,0.005476133481980617
01a072a2-2420-7832-9e14-2cdcc10719b2,a,A,0,standard_pi_2,5,-0.13333333333333336,0.0,0.0,20.0,0.40234375,0.0168848579271605,0.0037755690115557072
01a072a2-2420-7832-9e14-2cdcc10719b2,a,A,0,standard_pi_2,6,-0.12000000000000001,0.0,0.0,20.0,0.404443359375,0.023816230971716316,0.005325471142059355
01a072a2-2420-7832-9e14-2cdcc10719b2,a,A,0,standard_pi_2,7,-0.10666666666666667,0.0,0.0,20.0,0.41923828125,0.017435056027591034,0.0038985970469211
01a072a2-2420-7832-9e14-2cdcc10719b2,a,A,0,standard_pi_2,8,-0.09333333333333334,0.0,0.0,20.0,0.427685546875,0.020394854067609637,0.0045604280086363235
01a072a2-2420-7832-9e14-2cdcc10719b2,a,A,0,standard_pi_2,9,-0.08,0.0,0.0,20.0,0.435400390625,0.021193348390569633,0.004738976767214946
01a072a2-2420-7832-9e14-2cdcc10719b2,a,A,0,standard_pi_2,10,-0.06666666666666668,0.0,0.0,20.0,0.442724609375,0.02451003955377429,0.005480611457344792
01a072a2-2420-7832-9e14-2cdcc10719b2,a,A,0,standard_pi_2,11,-0.053333333333333344,0.0,0.0,20.0,0.4546875,0.022476351618822117,0.0050258650105873695
01a072a2-2420-7832-9e14-2cdcc10719b2,a,A,0,standard_pi_2,12,-0.04000000000000001,0.0,0.0,20.0,0.465185546875,0.01919235957444783,0.004291542065708428
01a072a2-2420-7832-9e14-2cdcc10719b2,a,A,0,standard_pi_2,13,-0.026666666666666672,0.0,0.0,20.0,0.474755859375,0.018573005911548326,0.00415305037647275
01a072a2-2420-7832-9e14-2cdcc10719b2,a,A,0,standard_pi_2,14,-0.013333333333333336,0.0,0.0,20.0,0.489208984375,0.025498086343771736,0.005701545436083267
01a072a2-2420-7832-9e14-2cdcc10719b2,a,A,0,standard_pi_2,15,0.0,0.0,0.0,20.0,0.48896484375,0.018132200939538504,0.004054483388249364
01a072a2-2420-7832-9e14-2cdcc10719b2,a,A,0,standard_pi_2,16,0.013333333333333336,0.0,0.0,20.0,0.509521484375,0.024664372660799037,0.005515121389193401
01a072a2-2420-7832-9e14-2cdcc10719b2,a,A,0,standard_pi_2,17,0.026666666666666672,0.0,0.0,20.0,0.50966796875,0.020494101776421605,0.00458262047098779
01a072a2-2420-7832-9e14-2cdcc10719b2,a,A,0,standard_pi_2,18,0.04000000000000001,0.0,0.0,20.0,0.528662109375,0.016393992498719073,0.003665808164975748
01a072a2-2420-7832-9e14-2cdcc10719b2,a,A,0,standard_pi_2,19,0.053333333333333344,0.0,0.0,20.0,0.536181640625,0.028614719656902512,0.006398445830993347
01a072a2-2420-7832-9e14-2cdcc10719b2,a,A,0,standard_pi_2,20,0.06666666666666665,0.0,0.0,20.0,0.54453125,0.01816898057004767,0.004062707563649947
01a072a2-2420-7832-9e14-2cdcc10719b2,a,A,0,standard_pi_2,21,0.08000000000000002,0.0,0.0,20.0,0.554443359375,0.02476388964779209,0.005537374063976644
01a072a2-2420-7832-9e14-2cdcc10719b2,a,A,0,standard_pi_2,22,0.09333333333333332,0.0,0.0,20.0,0.56357421875,0.02332780834745167,0.0052162565230988965
01a072a2-2420-7832-9e14-2cdcc10719b2,a,A,0,standard_pi_2,23,0.10666666666666669,0.0,0.0,20.0,0.57578125,0.018513794532548453,0.004139810309624228
01a072a2-2420-7832-9e14-2cdcc10719b2,a,A,0,standard_pi_2,24,0.12,0.0,0.0,20.0,0.588330078125,0.02115826769387961,0.004731132484965252
01a072a2-2420-7832-9e14-2cdcc10719b2,a,A,0,standard_pi_2,25,0.13333333333333336,0.0,0.0,20.0,0.605517578125,0.026950806402347045,0.006026383516408454
01a072a2-2420-7832-9e14-2cdcc10719b2,a,A,0,standard_pi_2,26,0.14666666666666667,0.0,0.0,20.0,0.6009765625,0.02448160886240478,0.0054742541614898384
01a072a2-2420-7832-9e14-2cdcc10719b2,a,A,0,standard_pi_2,27,0.16000000000000003,0.0,0.0,20.0,0.60849609375,0.025243715618400085,0.005644666412741573
01a072a2-2420-7832-9e14-2cdcc10719b2,a,A,0,standard_pi_2,28,0.17333333333333334,0.0,0.0,20.0,0.620849609375,0.0237457351870856,0.005309707805403209
01a072a2-2420-7832-9e14-2cdcc10719b2,a,A,0,standard_pi_2,29,0.1866666666666667,0.0,0.0,20.0,0.6314453125,0.028415681357458856,0.00635393951422515
01a072a2-2420-7832-9e14-2cdcc10719b2,a,A,0,standard_pi_2,30,0.2,0.0,0.0,20.0,0.644140625,0.02531222079930489,0.0056599846368729795
01a072a2-2420-7832-9e14-2cdcc10719b2,a,A,1,UVH4a,0,-0.2,0.0,0.0,20.0,0.456103515625,0.022279135425946457,0.0049817661292340006
01a072a2-2420-7832-9e14-2cdcc10719b2,a,A,1,UVH4a,1,-0.18666666666666668,0.0,0.0,20.0,0.461083984375,0.02294681275881661,0.005131063319567342
01a072a2-2420-7832-9e14-2cdcc10719b2,a,A,1,UVH4a,2,-0.17333333333333334,0.0,0.0,20.0,0.460693359375,0.021760327351443304,0.0048657571170475184
01a072a2-2420-7832-9e14-2cdcc10719b2,a,A,1,UVH4a,3,-0.16,0.0,0.0,20.0,0.471142578125,0.020434193420868406,0.004569224555444072
01a072a2-2420-7832-9e14-2cdcc10719b2,a,A,1,UVH4a,4,-0.14666666666666667,0.0,0.0,20.0,0.462451171875,0.024352255233965742,0.005445329810857245
01a072a2-2420-7832-9e14-2cdcc10719b2,a,A,1,UVH4a,5,-0.13333333333333336,0.0,0.0,20.0,0.474658203125,0.029781954233623297,0.006659447416916934
01a072a2-2420-7832-9e14-2cdcc10719b2,a,A,1,UVH4a,6,-0.12000000000000001,0.0,0.0,20.0,0.475537109375,0.028686548042927577,0.006414507146379962
01a072a2-2420-7832-9e14-2cdcc10719b2,a,A,1,UVH4a,7,-0.10666666666666667,0.0,0.0,20.0,0.4779296875,0.02088829954236059,0.004670765771109603
01a072a2-2420-7832-9e14-2cdcc10719b2,a,A,1,UVH4a,8,-0.09333333333333334,0.0,0.0,20.0,0.486474609375,0.022480538411856495,0.005026801205970629
01a072a2-2420-7832-9e14-2cdcc10719b2,a,A,1,UVH4a,9,-0.08,0.0,0.0,20.0,0.487451171875,0.021447605628135913,0.004795830413911898
01a072a2-2420-7832-9e14-2cdcc10719b2,a,A,1,UVH4a,10,-0.06666666666666668,0.0,0.0,20.0,0.48720703125,0.026648188931897857,0.005958716192898112
01a072a2-2420-7832-9e14-2cdcc10719b2,a,A,1,UVH4a,11,-0.053333333333333344,0.0,0.0,20.0,0.486767578125,0.02731891163637834,0.006108694349025198
01a072a2-2420-7832-9e14-2cdcc10719b2,a,A,1,UVH4a,12,-0.04000000000000001,0.0,0.0,20.0,0.49609375,0.027321713394674273,0.006109320841225821
01a072a2-2420-7832-9e14-2cdcc10719b2,a,A,1,UVH4a,13,-0.026666666666666672,0.0,0.0,20.0,0.490673828125,0.026287065691033024,0.005877966581415232
01a072a2-2420-7832-9e14-2cdcc10719b2,a,A,1,UVH4a,14,-0.013333333333333336,0.0,0.0,20.0,0.49443359375,0.02650692443387295,0.005927128490859004
01a072a2-2420-7832-9e14-2cdcc10719b2,a,A,1,UVH4a,15,0.0,0.0,0.0,20.0,0.494970703125,0.02528221058163772,0.005653274148200643
01a072a2-2420-7832-9e14-2cdcc10719b2,a,A,1,UVH4a,16,0.013333333333333336,0.0,0.0,20.0,0.4900390625,0.021262686990092556,0.004754481349414735
01a072a2-2420-7832-9e14-2cdcc10719b2,a,A,1,UVH4a,17,0.026666666666666672,0.0,0.0,20.0,0.491015625,0.02510354533290567,0.005613323384062467
01a072a2-2420-7832-9e14-2cdcc10719b2,a,A,1,UVH4a,18,0.04000000000000001,0.0,0.0,20.0,0.48876953125,0.026848225323993075,0.0060034456899679825
01a072a2-2420-7832-9e14-2cdcc10719b2,a,A,1,UVH4a,19,0.053333333333333344,0.0,0.0,20.0,0.491357421875,0.024238213326646846,0.005419829265152366
01a072a2-2420-7832-9e14-2cdcc10719b2,a,A,1,UVH4a,20,0.06666666666666665,0.0,0.0,20.0,0.487646484375,0.031305003698240054,0.007000011630514707
01a072a2-2420-7832-9e14-2cdcc10719b2,a,A,1,UVH4a,21,0.08000000000000002,0.0,0.0,20.0,0.484619140625,0.0256088699678605,0.005726317407508893
01a072a2-2420-7832-9e14-2cdcc10719b2,a,A,1,UVH4a,22,0.09333333333333332,0.0,0.0,20.0,0.48662109375,0.0290233600223872,0.00648982059455076
01a072a2-2420-7832-9e14-2cdcc10719b2,a,A,1,UVH4a,23,0.10666666666666669,0.0,0.0,20.0,0.476904296875,0.029847274660433843,0.006674053508383702
01a072a2-2420-7832-9e14-2cdcc10719b2,a,A,1,UVH4a,24,0.12,0.0,0.0,20.0,0.48251953125,0.022262062922015814,0.004977948601300496
01a072a2-2420-7832-9e14-2cdcc10719b2,a,A,1,UVH4a,25,0.13333333333333336,0.0,0.0,20.0,0.476708984375,0.022149892823108544,0.004952866604680543
01a072a2-2420-7832-9e14-2cdcc10719b2,a,A,1,UVH4a,26,0.14666666666666667,0.0,0.0,20.0,0.47529296875,0.024161107323295176,0.0054025878386556
01a072a2-2420-7832-9e14-2cdcc10719b2,a,A,1,UVH4a,27,0.16000000000000003,0.0,0.0,20.0,0.473193359375,0.025409348723211652,0.005681703100909874
01a072a2-2420-7832-9e14-2cdcc10719b2,a,A,1,UVH4a,28,0.17333333333333334,0.0,0.0,20.0,0.466357421875,0.031170352022529664,0.006969902600497438
01a072a2-2420-7832-9e14-2cdcc10719b2,a,A,1,UVH4a,29,0.1866666666666667,0.0,0.0,20.0,0.464501953125,0.02727073155634754,0.0060979209556141735
01a072a2-2420-7832-9e14-2cdcc10719b2,a,A,1,UVH4a,30,0.2,0.0,0.0,20.0,0.457568359375,0.031891473030976086,0.0071311501599863785
01a072a2-2420-7832-9e14-2cdcc10719b2,a,A,2,UVH5a,0,-0.2,0.0,0.0,20.0,0.478076171875,0.0268874099822158,0.006012207645914093
01a072a2-2420-7832-9e14-2cdcc10719b2,a,A,2,UVH5a,1,-0.18666666666666668,0.0,0.0,20.0,0.47734375,0.023819023283262172,0.005326095521902444
01a072a2-2420-7832-9e14-2cdcc10719b2,a,A,2,UVH5a,2,-0.17333333333333334,0.0,0.0,20.0,0.4787109375,0.027954800140482596,0.006250883341153975
01a072a2-2420-7832-9e14-2cdcc10719b2,a,A,2,UVH5a,3,-0.16,0.0,0.0,20.0,0.48603515625,0.025765631171502726,0.005761370278266764
01a072a2-2420-7832-9e14-2cdcc10719b2,a,A,2,UVH5a,4,-0.14666666666666667,0.0,0.0,20.0,0.4787109375,0.027551489998751715,0.006160700451861443
01a072a2-2420-7832-9e14-2cdcc10719b2,a,A,2,UVH5a,5,-0.13333333333333336,0.0,0.0,20.0,0.484765625,0.023896445411609502,0.005343407636097179
01a072a2-2420-7832-9e14-2cdcc10719b2,a,A,2,UVH5a,6,-0.12000000000000001,0.0,0.0,20.0,0.480224609375,0.03234064331187643,0.007231587688142962
01a072a2-2420-7832-9e14-2cdcc10719b2,a,A,2,UVH5a,7,-0.10666666666666667,0.0,0.0,20.0,0.477294921875,0.024842812129946105,0.005555021667481582
01a072a2-2420-7832-9e14-2cdcc10719b2,a,A,2,UVH5a,8,-0.09333333333333334,0.0,0.0,20.0,0.479052734375,0.023804004168023515,0.00532273714563889
01a072a2-2420-7832-9e14-2cdcc10719b2,a,A,2,UVH5a,9,-0.08,0.0,0.0,20.0,0.48212890625,0.02669749251761299,0.005969740809817464
01a072a2-2420-7832-9e14-2cdcc10719b2,a,A,2,UVH5a,10,-0.06666666666666668,0.0,0.0,20.0,0.480615234375,0.025954245010307027,0.005803545614773124
01a072a2-2420-7832-9e14-2cdcc10719b2,a,A,2,UVH5a,11,-0.053333333333333344,0.0,0.0,20.0,0.483935546875,0.02952466780356949,0.006601916422188078
01a072a2-2420-7832-9e14-2cdcc10719b2,a,A,2,UVH5a,12,-0.04000000000000001,0.0,0.0,20.0,0.48662109375,0.027139413612918828,0.0060685573707969665
01a072a2-2420-7832-9e14-2cdcc10719b2,a,A,2,UVH5a,13,-0.026666666666666672,0.0,0.0,20.0,0.48291015625,0.031126884072834465,0.006960182871461338
01a072a2-2420-7832-9e14-2cdcc10719b2,a,A,2,UVH5a,14,-0.013333333333333336,0.0,0.0,20.0,0.4767578125,0.024145521454540544,0.005399102732453225
01a072a2-2420-7832-9e14-2cdcc10719b2,a,A,2,UVH5a,15,0.0,0.0,0.0,20.0,0.478125,0.03576827020523227,0.007998028361647971
01a072a2-2420-7832-9e14-2cdcc10719b2,a,A,2,UVH5a,16,0.013333333333333336,0.0,0.0,20.0,0.48447265625,0.03164884127199591,0.007076896049328376
01a072a2-2420-7832-9e14-2cdcc10719b2,a,A,2,UVH5a,17,0.026666666666666672,0.0,0.0,20.0,0.479248046875,0.03415967312276845,0.007638335119168277
01a072a2-2420-7832-9e14-2cdcc10719b2,a,A,2,UVH5a,18,0.04000000000000001,0.0,0.0,20.0,0.48916015625,0.026576517380659533,0.005942689946835937
01a072a2-2420-7832-9e14-2cdcc10719b2,a,A,2,UVH5a,19,0.053333333333333344,0.0,0.0,20.0,0.484375,0.03382021376435418,0.0075624296990669995
01a072a2-2420-7832-9e14-2cdcc10719b2,a,A,2,UVH5a,20,0.06666666666666665,0.0,0.0,20.0,0.485205078125,0.0354112800147183,0.007918202928318987
01a072a2-2420-7832-9e14-2cdcc10719b2,a,A,2,UVH5a,21,0.08000000000000002,0.0,0.0,20.0,0.47587890625,0.034382621248825296,0.007688187835700207
01a072a2-2420-7832-9e14-2cdcc10719b2,a,A,2,UVH5a,22,0.09333333333333332,0.0,0.0,20.0,0.474560546875,0.0391042065078753,0.008743966395779883
01a072a2-2420-7832-9e14-2cdcc10719b2,a,A,2,UVH5a,23,0.10666666666666669,0.0,0.0,20.0,0.481494140625,0.03870684489085832,0.008655113637049964
01a072a2-2420-7832-9e14-2cdcc10719b2,a,A,2,UVH5a,24,0.12,0.0,0.0,20.0,0.475341796875,0.03546878141618059,0.007931060632566106
01a072a2-2420-7832-9e14-2cdcc10719b2,a,A,2,UVH5a,25,0.13333333333333336,0.0,0.0,20.0,0.4759765625,0.03618542244811806,0.008091306438853883
01a072a2-2420-7832-9e14-2cdcc10719b2,a,A,2,UVH5a,26,0.14666666666666667,0.0,0.0,20.0,0.469140625,0.039904574960724144,0.008922934222541519
01a072a2-2420-7832-9e14-2cdcc10719b2,a,A,2,UVH5a,27,0.16000000000000003,0.0,0.0,20.0,0.4662109375,0.041514819337308634,0.009282995811184486
01a072a2-2420-7832-9e14-2cdcc10719b2,a,A,2,UVH5a,28,0.17333333333333334,0.0,0.0,20.0,0.46591796875,0.03947141540431954,0.008826076801219083
01a072a2-2420-7832-9e14-2cdcc10719b2,a,A,2,UVH5a,29,0.1866666666666667,0.0,0.0,20.0,0.452490234375,0.03526782795262329,0.00788612607208329
01a072a2-2420-7832-9e14-2cdcc10719b2,a,A,2,UVH5a,30,0.2,0.0,0.0,20.0,0.457421875,0.040272680730484935,0.00900524517495102
01a072a2-2420-7832-9e14-2cdcc10719b2,a,A,3,UVH6a,0,-0.2,0.0,0.0,20.0,0.51484375,0.029395393563042344,0.006573009823232243
01a072a2-2420-7832-9e14-2cdcc10719b2,a,A,3,UVH6a,1,-0.18666666666666668,0.0,0.0,20.0,0.510595703125,0.030707662534979797,0.0068664420858338335
01a072a2-2420-7832-9e14-2cdcc10719b2,a,A,3,UVH6a,2,-0.17333333333333334,0.0,0.0,20.0,0.509033203125,0.033953337391686045,0.007592197047079539
01a072a2-2420-7832-9e14-2cdcc10719b2,a,A,3,UVH6a,3,-0.16,0.0,0.0,20.0,0.499072265625,0.031500325710362306,0.0070436869601754465
01a072a2-2420-7832-9e14-2cdcc10719b2,a,A,3,UVH6a,4,-0.14666666666666667,0.0,0.0,20.0,0.4966796875,0.032611924163659066,0.007292247930700964
01a072a2-2420-7832-9e14-2cdcc10719b2,a,A,3,UVH6a,5,-0.13333333333333336,0.0,0.0,20.0,0.499951171875,0.03413262590665514,0.007632287177785128
01a072a2-2420-7832-9e14-2cdcc10719b2,a,A,3,UVH6a,6,-0.12000000000000001,0.0,0.0,20.0,0.499072265625,0.03320233134452003,0.007424266989781878
01a072a2-2420-7832-9e14-2cdcc10719b2,a,A,3,UVH6a,7,-0.10666666666666667,0.0,0.0,20.0,0.493603515625,0.031880453959980536,0.007128686220806884
01a072a2-2420-7832-9e14-2cdcc10719b2,a,A,3,UVH6a,8,-0.09333333333333334,0.0,0.0,20.0,0.49072265625,0.03200776753767252,0.00715715440222468
01a072a2-2420-7832-9e14-2cdcc10719b2,a,A,3,UVH6a,9,-0.08,0.0,0.0,20.0,0.4845703125,0.030465323272215447,0.006812253379318007
01a072a2-2420-7832-9e14-2cdcc10719b2,a,A,3,UVH6a,10,-0.06666666666666668,0.0,0.0,20.0,0.49345703125,0.03631101592907024,0.008119389994947874
01a072a2-2420-7832-9e14-2cdcc10719b2,a,A,3,UVH6a,11,-0.053333333333333344,0.0,0.0,20.0,0.491259765625,0.03796975230116238,0.008490294723422815
01a072a2-2420-7832-9e14-2cdcc10719b2,a,A,3,UVH6a,12,-0.04000000000000001,0.0,0.0,20.0,0.491650390625,0.03431448835087041,0.007672952856567089
01a072a2-2420-7832-9e14-2cdcc10719b2,a,A,3,UVH6a,13,-0.026666666666666672,0.0,0.0,20.0,0.49541015625,0.030687755366524443,0.006861990707643263
01a072a2-2420-7832-9e14-2cdcc10719b2,a,A,3,UVH6a,14,-0.013333333333333336,0.0,0.0,20.0,0.495849609375,0.03565790630910111,0.00797335024424687
01a072a2-2420-7832-9e14-2cdcc10719b2,a,A,3,UVH6a,15,0.0,0.0,0.0,20.0,0.492919921875,0.03423746145192769,0.007655729118353897
01a072a2-2420-7832-9e14-2cdcc10719b2,a,A,3,UVH6a,16,0.013333333333333336,0.0,0.0,20.0,0.494384765625,0.03218818581951321,0.00719749715648263
01a072a2-2420-7832-9e14-2cdcc10719b2,a,A,3,UVH6a,17,0.026666666666666672,0.0,0.0,20.0,0.48857421875,0.0379494221724205,0.008485748768436998
01a072a2-2420-7832-9e14-2cdcc10719b2,a,A,3,UVH6a,18,0.04000000000000001,0.0,0.0,20.0,0.4875,0.03337892459569189,0.007463754441180674
01a072a2-2420-7832-9e14-2cdcc10719b2,a,A,3,UVH6a,19,0.053333333333333344,0.0,0.0,20.0,0.495068359375,0.035921008343703306,0.008032181647685772
01a072a2-2420-7832-9e14-2cdcc10719b2,a,A,3,UVH6a,20,0.06666666666666665,0.0,0.0,20.0,0.48984375,0.0408972386860571,0.009144900579405786
01a072a2-2420-7832-9e14-2cdcc10719b2,a,A,3,UVH6a,21,0.08000000000000002,0.0,0.0,20.0,0.489892578125,0.035556976665712656,0.007950781689890732
01a072a2-2420-7832-9e14-2cdcc10719b2,a,A,3,UVH6a,22,0.09333333333333332,0.0,0.0,20.0,0.49267578125,0.037887737062692224,0.008471955558581802
01a072a2-2420-7832-9e14-2cdcc10719b2,a,A,3,UVH6a,23,0.10666666666666669,0.0,0.0,20.0,0.49072265625,0.03683718454871308,0.008237044875062735
01a072a2-2420-7832-9e14-2cdcc10719b2,a,A,3,UVH6a,24,0.12,0.0,0.0,20.0,0.486474609375,0.039978561428452096,0.008939478099666998
01a072a2-2420-7832-9e14-2cdcc10719b2,a,A,3,UVH6a,25,0.13333333333333336,0.0,0.0,20.0,0.487646484375,0.03535737624619738,0.007906149679253367
01a072a2-2420-7832-9e14-2cdcc10719b2,a,A,3,UVH6a,26,0.14666666666666667,0.0,0.0,20.0,0.491748046875,0.03688480978345792,0.00824769420129612
01a072a2-2420-7832-9e14-2cdcc10719b2,a,A,3,UVH6a,27,0.16000000000000003,0.0,0.0,20.0,0.483251953125,0.03475747399226732,0.007772007457289073
01a072a2-2420-7832-9e14-2cdcc10719b2,a,A,3,UVH6a,28,0.17333333333333334,0.0,0.0,20.0,0.481103515625,0.040881127134487535,0.009141297926952532
01a072a2-2420-7832-9e14-2cdcc10719b2,a,A,3,UVH6a,29,0.1866666666666667,0.0,0.0,20.0,0.48271484375,0.0412110836552659,0.009215078447960505
01a072a2-2420-7832-9e14-2cdcc10719b2,a,A,3,UVH6a,30,0.2,0.0,0.0,20.0,0.482763671875,0.04115035413236074,0.009201498913814799
01a072a2-2420-7832-9e14-2cdcc10719b2,a,A,4,UVH7a,0,-0.2,0.0,0.0,20.0,0.47919921875,0.03655212117753356,0.008173302767477469
01a072a2-2420-7832-9e14-2cdcc10719b2,a,A,4,UVH7a,1,-0.18666666666666668,0.0,0.0,20.0,0.4810546875,0.03426753865000407,0.007662454584301048
01a072a2-2420-7832-9e14-2cdcc10719b2,a,A,4,UVH7a,2,-0.17333333333333334,0.0,0.0,20.0,0.483935546875,0.02967727781021122,0.006636041057077839
01a072a2-2420-7832-9e14-2cdcc10719b2,a,A,4,UVH7a,3,-0.16,0.0,0.0,20.0,0.48486328125,0.03158152553005816,0.007061843791835513
01a072a2-2420-7832-9e14-2cdcc10719b2,a,A,4,UVH7a,4,-0.14666666666666667,0.0,0.0,20.0,0.484521484375,0.03915141376440964,0.008754522259244089
01a072a2-2420-7832-9e14-2cdcc10719b2,a,A,4,UVH7a,5,-0.13333333333333336,0.0,0.0,20.0,0.4931640625,0.03453396631374034,0.007722029621021123
01a072a2-2420-7832-9e14-2cdcc10719b2,a,A,4,UVH7a,6,-0.12000000000000001,0.0,0.0,20.0,0.489990234375,0.031800688264956606,0.007110850069172281
01a072a2-2420-7832-9e14-2cdcc10719b2,a,A,4,UVH7a,7,-0.10666666666666667,0.0,0.0,20.0,0.48525390625,0.027744471788413112,0.006203852491871688
01a072a2-2420-7832-9e14-2cdcc10719b2,a,A,4,UVH7a,8,-0.09333333333333334,0.0,0.0,20.0,0.48935546875,0.035697333536022426,0.007982166440202908
01a072a2-2420-7832-9e14-2cdcc10719b2,a,A,4,UVH7a,9,-0.08,0.0,0.0,20.0,0.493408203125,0.02729207368728303,0.006102693201169819
01a072a2-2420-7832-9e14-2cdcc10719b2,a,A,4,UVH7a,10,-0.06666666666666668,0.0,0.0,20.0,0.483447265625,0.027051189462291382,0.006048829850990951
01a072a2-2420-7832-9e14-2cdcc10719b2,a,A,4,UVH7a,11,-0.053333333333333344,0.0,0.0,20.0,0.48466796875,0.03054841164402934,0.006830832504069571
01a072a2-2420-7832-9e14-2cdcc10719b2,a,A,4,UVH7a,12,-0.04000000000000001,0.0,0.0,20.0,0.487841796875,0.03383723979957674,0.007566236836281495
01a072a2-2420-7832-9e14-2cdcc10719b2,a,A,4,UVH7a,13,-0.026666666666666672,0.0,0.0,20.0,0.487109375,0.03209562089368247,0.007176799009833654
01a072a2-2420-7832-9e14-2cdcc10719b2,a,A,4,UVH7a,14,-0.013333333333333336,0.0,0.0,20.0,0.490283203125,0.030347914476184585,0.006785999974409865
01a072a2-2420-7832-9e14-2cdcc10719b2,a,A,4,UVH7a,15,0.0,0.0,0.0,20.0,0.49482421875,0.034814937906655595,0.007784856779171613
01a072a2-2420-7832-9e14-2cdcc10719b2,a,A,4,UVH7a,16,0.013333333333333336,0.0,0.0,20.0,0.48828125,0.02930201435185078,0.006552129596841278
01a072a2-2420-7832-9e14-2cdcc10719b2,a,A,4,UVH7a,17,0.026666666666666672,0.0,0.0,20.0,0.48369140625,0.034974602684386784,0.007820558908833547
01a072a2-2420-7832-9e14-2cdcc10719b2,a,A,4,UVH7a,18,0.04000000000000001,0.0,0.0,20.0,0.49013671875,0.02680594079756496,0.005993990582419018
01a072a2-2420-7832-9e14-2cdcc10719b2,a,A,4,UVH7a,19,0.053333333333333344,0.0,0.0,20.0,0.49189453125,0.03009817689649664,0.006730156953938014
01a072a2-2420-7832-9e14-2cdcc10719b2,a,A,4,UVH7a,20,0.06666666666666665,0.0,0.0,20.0,0.49306640625,0.03531565083135329,0.00789681959285529
01a072a2-2420-7832-9e14-2cdcc10719b2,a,A,4,UVH7a,21,0.08000000000000002,0.0,0.0,20.0,0.492822265625,0.03342802334687876,0.007474733255707094
01a072a2-2420-7832-9e14-2cdcc10719b2,a,A,4,UVH7a,22,0.09333333333333332,0.0,0.0,20.0,0.489697265625,0.03297174574766701,0.007372706482862305
01a072a2-2420-7832-9e14-2cdcc10719b2,a,A,4,UVH7a,23,0.10666666666666669,0.0,0.0,20.0,0.48916015625,0.026354620543221245,0.0058930723055855136
01a072a2-2420-7832-9e14-2cdcc10719b2,a,A,4,UVH7a,24,0.12,0.0,0.0,20.0,0.495849609375,0.03491107600777895,0.007806353912105571
01a072a2-2420-7832-9e14-2cdcc10719b2,a,A,4,UVH7a,25,0.13333333333333336,0.0,0.0,20.0,0.493359375,0.030709828244922636,0.006866926353299007
01a072a2-2420-7832-9e14-2cdcc10719b2,a,A,4,UVH7a,26,0.14666666666666667,0.0,0.0,20.0,0.49501953125,0.03327696534880943,0.007440955660484289
01a072a2-2420-7832-9e14-2cdcc10719b2,a,A,4,UVH7a,27,0.16000000000000003,0.0,0.0,20.0,0.496435546875,0.03406609266224959,0.007617409892059686
01a072a2-2420-7832-9e14-2cdcc10719b2,a,A,4,UVH7a,28,0.17333333333333334,0.0,0.0,20.0,0.495751953125,0.02676729319352733,0.005985348715439454
01a072a2-2420-7832-9e14-2cdcc10719b2,a,A,4,UVH7a,29,0.1866666666666667,0.0,0.0,20.0,0.499951171875,0.0372975489497235,0.008339985484570763
01a072a2-2420-7832-9e14-2cdcc10719b2,a,A,4,UVH7a,30,0.2,0.0,0.0,20.0,0.506103515625,0.03387341486247987,0.007574325826255668
01a072a2-2420-7832-9e14-2cdcc10719b2,a,A,5,UVH8a,0,-0.2,0.0,0.0,20.0,0.486474609375,0.03303075876104787,0.0073859021938099765
01a072a2-2420-7832-9e14-2cdcc10719b2,a,A,5,UVH8a,1,-0.18666666666666668,0.0,0.0,20.0,0.483349609375,0.04008163128410177,0.008962525220033374
01a072a2-2420-7832-9e14-2cdcc10719b2,a,A,5,UVH8a,2,-0.17333333333333334,0.0,0.0,20.0,0.49541015625,0.04332136547472121,0.009686951807958906
01a072a2-2420-7832-9e14-2cdcc10719b2,a,A,5,UVH8a,3,-0.16,0.0,0.0,20.0,0.492138671875,0.03172420297580042,0.007093747438589085
01a072a2-2420-7832-9e14-2cdcc10719b2,a,A,5,UVH8a,4,-0.14666666666666667,0.0,0.0,20.0,0.48779296875,0.037085697302505105,0.008292614016138199
01a072a2-2420-7832-9e14-2cdcc10719b2,a,A,5,UVH8a,5,-0.13333333333333336,0.0,0.0,20.0,0.4873046875,0.04344389100383439,0.009714349349166526
01a072a2-2420-7832-9e14-2cdcc10719b2,a,A,5,UVH8a,6,-0.12000000000000001,0.0,0.0,20.0,0.48984375,0.03737542055038104,0.008357398103829461
01a072a2-2420-7832-9e14-2cdcc10719b2,a,A,5,UVH8a,7,-0.10666666666666667,0.0,0.0,20.0,0.48701171875,0.04213132929821247,0.009420851629323159
01a072a2-2420-7832-9e14-2cdcc10719b2,a,A,5,UVH8a,8,-0.09333333333333334,0.0,0.0,20.0,0.48994140625,0.038800907600041595,0.008676146698238123
01a072a2-2420-7832-9e14-2cdcc10719b2,a,A,5,UVH8a,9,-0.08,0.0,0.0,20.0,0.487158203125,0.036293283365852205,0.00811542487327079
01a072a2-2420-7832-9e14-2cdcc10719b2,a,A,5,UVH8a,10,-0.06666666666666668,0.0,0.0,20.0,0.48740234375,0.04808219293909161,0.010751505191906924
01a072a2-2420-7832-9e14-2cdcc10719b2,a,A,5,UVH8a,11,-0.053333333333333344,0.0,0.0,20.0,0.494970703125,0.042924659412261694,0.009598245635684332
01a072a2-2420-7832-9e14-2cdcc10719b2,a,A,5,UVH8a,12,-0.04000000000000001,0.0,0.0,20.0,0.495166015625,0.045557038641203584,0.010186863525531586
01a072a2-2420-7832-9e14-2cdcc10719b2,a,A,5,UVH8a,13,-0.026666666666666672,0.0,0.0,20.0,0.493505859375,0.043069413104394876,0.009630613545244719
01a072a2-2420-7832-9e14-2cdcc10719b2,a,A,5,UVH8a,14,-0.013333333333333336,0.0,0.0,20.0,0.48955078125,0.04661417894301093,0.010423247283191174
01a072a2-2420-7832-9e14-2cdcc10719b2,a,A,5,UVH8a,15,0.0,0.0,0.0,20.0,0.489990234375,0.04900448721428291,0.010957736461365589
01a072a2-2420-7832-9e14-2cdcc10719b2,a,A,5,UVH8a,16,0.013333333333333336,0.0,0.0,20.0,0.493603515625,0.05508209362306066,0.01231673056841713
01a072a2-2420-7832-9e14-2cdcc10719b2,a,A,5,UVH8a,17,0.026666666666666672,0.0,0.0,20.0,0.493896484375,0.05442609911781012,0.012170045737756477
01a072a2-2420-7832-9e14-2cdcc10719b2,a,A,5,UVH8a,18,0.04000000000000001,0.0,0.0,20.0,0.495703125,0.0533216115551702,0.011923074810719884
01a072a2-2420-7832-9e14-2cdcc10719b2,a,A,5,UVH8a,19,0.053333333333333344,0.0,0.0,20.0,0.486572265625,0.053945338366487856,0.01206254436566943
01a072a2-2420-7832-9e14-2cdcc10719b2,a,A,5,UVH8a,20,0.06666666666666665,0.0,0.0,20.0,0.489990234375,0.056513649182416,0.012636836122845758
01a072a2-2420-7832-9e14-2cdcc10719b2,a,A,5,UVH8a,21,0.08000000000000002,0.0,0.0,20.0,0.48798828125,0.0559550981843818,0.012511940322795278
01a072a2-2420-7832-9e14-2cdcc10719b2,a,A,5,UVH8a,22,0.09333333333333332,0.0,0.0,20.0,0.48388671875,0.06028975341552502,0.013481198698381406
01a072a2-2420-7832-9e14-2cdcc10719b2,a,A,5,UVH8a,23,0.10666666666666669,0.0,0.0,20.0,0.489111328125,0.058595698809422746,0.013102396572697276
01a072a2-2420-7832-9e14-2cdcc10719b2,a,A,5,UVH8a,24,0.12,0.0,0.0,20.0,0.4892578125,0.06150344613066636,0.01375258863986664
01a072a2-2420-7832-9e14-2cdcc10719b2,a,A,5,UVH8a,25,0.13333333333333336,0.0,0.0,20.0,0.49072265625,0.06035465628248045,0.013495711420626102
01a072a2-2420-7832-9e14-2cdcc10719b2,a,A,5,UVH8a,26,0.14666666666666667,0.0,0.0,20.0,0.490283203125,0.06689310559612213,0.014957753133900067
01a072a2-2420-7832-9e14-2cdcc10719b2,a,A,5,UVH8a,27,0.16000000000000003,0.0,0.0,20.0,0.484033203125,0.06083986025016672,0.013604206326096015
01a072a2-2420-7832-9e14-2cdcc10719b2,a,A,5,UVH8a,28,0.17333333333333334,0.0,0.0,20.0,0.48330078125,0.06260904536936429,0.013999808145226698
01a072a2-2420-7832-9e14-2cdcc10719b2,a,A,5,UVH8a,29,0.1866666666666667,0.0,0.0,20.0,0.47412109375,0.07143817206088274,0.015974060891646005
01a072a2-2420-7832-9e14-2cdcc10719b2,a,A,5,UVH8a,30,0.2,0.0,0.0,20.0,0.46845703125,0.06193536388504871,0.013849168385815437
