job_id,family,panel,circuit_idx,circuit,sweep_idx,epsilon,detuning_Hz,detuning_MHz,n_qubits,p1_mean,sample_std_across_qubits,sem_across_qubits
01a072a4-ca2f-7a62-a49e-a7eeaa1b8e17,a,C,0,standard_pi_2,0,0.0,-9000000.0,-9.0,20.0,0.524462890625,0.023036756514715512,0.005151175354801502
01a072a4-ca2f-7a62-a49e-a7eeaa1b8e17,a,C,0,standard_pi_2,1,0.0,-8550000.0,-8.55,20.0,0.52314453125,0.02127802556734561,0.004757911159556331
01a072a4-ca2f-7a62-a49e-a7eeaa1b8e17,a,C,0,standard_pi_2,2,0.0,-8100000.0,-8.1,20.0,0.526806640625,0.023660184151041912,0.005290578012189287
01a072a4-ca2f-7a62-a49e-a7eeaa1b8e17,a,C,0,standard_pi_2,3,0.0,-7650000.0,-7.65,20.0,0.52255859375,0.027183395232799872,0.006078391959978423
01a072a4-ca2f-7a62-a49e-a7eeaa1b8e17,a,C,0,standard_pi_2,4,0.0,-7200000.0,-7.2,20.0,0.518798828125,0.019285238786495983,0.004312310488892057
01a072a4-ca2f-7a62-a49e-a7eeaa1b8e17,a,C,0,standard_pi_2,5,0.0,-6750000.0,-6.75,20.0,0.51953125,0.023274170484009735,0.005204262732216495
01a072a4-ca2f-7a62-a49e-a7eeaa1b8e17,a,C,0,standard_pi_2,6,0.0,-6300000.0,-6.3,20.0,0.5177734375,0.018279699207446504,0.0040874650036099415
01a072a4-ca2f-7a62-a49e-a7eeaa1b8e17,a,C,0,standard_pi_2,7,0.0,-5850000.0,-5.85,20.0,0.5201171875,0.024426189422375722,0.005461861997971843
01a072a4-ca2f-7a62-a49e-a7eeaa1b8e17,a,C,0,standard_pi_2,8,0.0,-5400000.0,-5.4,20.0,0.517919921875,0.02476672711454284,0.005538008540830501
01a072a4-ca2f-7a62-a49e-a7eeaa1b8e17,a,C,0,standard_pi_2,9,0.0,-4950000.0,-4.95,20.0,0.5162109375,0.02285063995270032,0.005109558426361049
01a072a4-ca2f-7a62-a49e-a7eeaa1b8e17,a,C,0,standard_pi_2,10,0.0,-4500000.0,-4.5,20.0,0.51337890625,0.01850484562626591,0.004137809273347024
01a072a4-ca2f-7a62-a49e-a7eeaa1b8e17,a,C,0,standard_pi_2,11,0.0,-4050000.0,-4.05,20.0,0.518505859375,0.030230257232999255,0.006759691015029103
01a072a4-ca2f-7a62-a49e-a7eeaa1b8e17,a,C,0,standard_pi_2,12,0.0,-3600000.0,-3.6,20.0,0.517431640625,0.02089760887053122,0.004672847400171041
01a072a4-ca2f-7a62-a49e-a7eeaa1b8e17,a,C,0,standard_pi_2,13,0.0,-3150000.0,-3.15,20.0,0.511962890625,0.019222672877844443,0.004298320326410168
01a072a4-ca2f-7a62-a49e-a7eeaa1b8e17,a,C,0,standard_pi_2,14,0.0,-2700000.0,-2.7,20.0,0.51318359375,0.018987866783465607,0.0042458160875539375
01a072a4-ca2f-7a62-a49e-a7eeaa1b8e17,a,C,0,standard_pi_2,15,0.0,-2250000.0,-2.25,20.0,0.51123046875,0.017724570437058506,0.003963334436924598
01a072a4-ca2f-7a62-a49e-a7eeaa1b8e17,a,C,0,standard_pi_2,16,0.0,-1800000.0,-1.8,20.0,0.506201171875,0.029524327791790674,0.00660184039324302
01a072a4-ca2f-7a62-a49e-a7eeaa1b8e17,a,C,0,standard_pi_2,17,0.0,-1350000.0,-1.35,20.0,0.500634765625,0.021990695263334296,0.004917268948129812
01a072a4-ca2f-7a62-a49e-a7eeaa1b8e17,a,C,0,standard_pi_2,18,0.0,-900000.0,-0.9,20.0,0.501220703125,0.01961043518361641,0.004385026613891986
01a072a4-ca2f-7a62-a49e-a7eeaa1b8e17,a,C,0,standard_pi_2,19,0.0,-450000.0,-0.45,20.0,0.50302734375,0.01937877365693587,0.004333225521749079
01a072a4-ca2f-7a62-a49e-a7eeaa1b8e17,a,C,0,standard_pi_2,20,0.0,0.0,0.0,20.0,0.495703125,0.027421470841601046,0.00613162728448483
01a072a4-ca2f-7a62-a49e-a7eeaa1b8e17,a,C,0,standard_pi_2,21,0.0,450000.0,0.45,20.0,0.48701171875,0.015628533214833783,0.0034946462656981663
01a072a4-ca2f-7a62-a49e-a7eeaa1b8e17,a,C,0,standard_pi_2,22,0.0,900000.0,0.9,20.0,0.490771484375,0.028110353102565884,0.006285666040885943
01a072a4-ca2f-7a62-a49e-a7eeaa1b8e17,a,C,0,standard_pi_2,23,0.0,1350000.0,1.35,20.0,0.49150390625,0.02210185653327138,0.004942125363734265
01a072a4-ca2f-7a62-a49e-a7eeaa1b8e17,a,C,0,standard_pi_2,24,0.0,1800000.0,1.8,20.0,0.48359375,0.022940960772775902,0.0051297547757083025
01a072a4-ca2f-7a62-a49e-a7eeaa1b8e17,a,C,0,standard_pi_2,25,0.0,2250000.0,2.25,20.0,0.480615234375,0.023103767295375156,0.005166159420879531
01a072a4-ca2f-7a62-a49e-a7eeaa1b8e17,a,C,0,standard_pi_2,26,0.0,2700000.0,2.7,20.0,0.48681640625,0.019514538492020197,0.00436358346176934
01a072a4-ca2f-7a62-a49e-a7eeaa1b8e17,a,C,0,standard_pi_2,27,0.0,3150000.0,3.15,20.0,0.478662109375,0.02938971549225016,0.006571740168005005
01a072a4-ca2f-7a62-a49e-a7eeaa1b8e17,a,C,0,standard_pi_2,28,0.0,3600000.0,3.6,20.0,0.47353515625,0.027304990445198418,0.006105581476044591
01a072a4-ca2f-7a62-a49e-a7eeaa1b8e17,a,C,0,standard_pi_2,29,0.0,4050000.0,4.05,20.0,0.471630859375,0.021534488037321758,0.004815257911210747
01a072a4-ca2f-7a62-a49e-a7eeaa1b8e17,a,C,0,standard_pi_2,30,0.0,4500000.0,4.5,20.0,0.472998046875,0.018704959244212813,0.004182556038642294
01a072a4-ca2f-7a62-a49e-a7eeaa1b8e17,a,C,0,standard_pi_2,31,0.0,4950000.0,4.95,20.0,0.46806640625,0.026520176287764135,0.005930091695471863
01a072a4-ca2f-7a62-a49e-a7eeaa1b8e17,a,C,0,standard_pi_2,32,0.0,5400000.0,5.4,20.0,0.46357421875,0.021570876623658964,0.004823394646476259
01a072a4-ca2f-7a62-a49e-a7eeaa1b8e17,a,C,0,standard_pi_2,33,0.0,5850000.0,5.85,20.0,0.46181640625,0.017720038892339137,0.0039623211527210385
01a072a4-ca2f-7a62-a49e-a7eeaa1b8e17,a,C,0,standard_pi_2,34,0.0,6300000.0,6.3,20.0,0.456884765625,0.023177515255606664,0.005182649966107491
01a072a4-ca2f-7a62-a49e-a7eeaa1b8e17,a,C,0,standard_pi_2,35,0.0,6750000.0,6.75,20.0,0.454541015625,0.022603450112740005,0.0050542850978111935
01a072a4-ca2f-7a62-a49e-a7eeaa1b8e17,a,C,0,standard_pi_2,36,0.0,7200000.0,7.2,20.0,0.45263671875,0.029685775410867223,0.006637941178349086
01a072a4-ca2f-7a62-a49e-a7eeaa1b8e17,a,C,0,standard_pi_2,37,0.0,7650000.0,7.65,20.0,0.44384765625,0.024886465768128835,0.005564782917725759
01a072a4-ca2f-7a62-a49e-a7eeaa1b8e17,a,C,0,standard_pi_2,38,0.0,8100000.0,8.1,20.0,0.4419921875,0.015166616139310295,0.0033913584676143237
01a072a4-ca2f-7a62-a49e-a7eeaa1b8e17,a,C,0,standard_pi_2,39,0.0,8550000.0,8.55,20.0,0.4470703125,0.030549233171360317,0.006831016203165315
01a072a4-ca2f-7a62-a49e-a7eeaa1b8e17,a,C,0,standard_pi_2,40,0.0,9000000.0,9.0,20.0,0.436279296875,0.023584540382291644,0.005273663551289299
01a072a4-ca2f-7a62-a49e-a7eeaa1b8e17,a,C,1,UVH4a,0,0.0,-9000000.0,-9.0,20.0,0.551123046875,0.024277527343221205,0.005428620146505248
01a072a4-ca2f-7a62-a49e-a7eeaa1b8e17,a,C,1,UVH4a,1,0.0,-8550000.0,-8.55,20.0,0.5390625,0.03549724973709972,0.007937426342644152
01a072a4-ca2f-7a62-a49e-a7eeaa1b8e17,a,C,1,UVH4a,2,0.0,-8100000.0,-8.1,20.0,0.52685546875,0.0325211441510678,0.007271948902785728
01a072a4-ca2f-7a62-a49e-a7eeaa1b8e17,a,C,1,UVH4a,3,0.0,-7650000.0,-7.65,20.0,0.51845703125,0.03178020226150674,0.007106269259542161
01a072a4-ca2f-7a62-a49e-a7eeaa1b8e17,a,C,1,UVH4a,4,0.0,-7200000.0,-7.2,20.0,0.503857421875,0.029376391199537336,0.006568760765579207
01a072a4-ca2f-7a62-a49e-a7eeaa1b8e17,a,C,1,UVH4a,5,0.0,-6750000.0,-6.75,20.0,0.4923828125,0.029714674413729998,0.0066444031918373985
01a072a4-ca2f-7a62-a49e-a7eeaa1b8e17,a,C,1,UVH4a,6,0.0,-6300000.0,-6.3,20.0,0.486962890625,0.02211360585143967,0.004944752591145621
01a072a4-ca2f-7a62-a49e-a7eeaa1b8e17,a,C,1,UVH4a,7,0.0,-5850000.0,-5.85,20.0,0.482080078125,0.0287927344002648,0.006438251137708873
01a072a4-ca2f-7a62-a49e-a7eeaa1b8e17,a,C,1,UVH4a,8,0.0,-5400000.0,-5.4,20.0,0.48486328125,0.035647523475254086,0.007971028572018767
01a072a4-ca2f-7a62-a49e-a7eeaa1b8e17,a,C,1,UVH4a,9,0.0,-4950000.0,-4.95,20.0,0.48447265625,0.02755932263795597,0.006162451883231837
01a072a4-ca2f-7a62-a49e-a7eeaa1b8e17,a,C,1,UVH4a,10,0.0,-4500000.0,-4.5,20.0,0.481640625,0.028930688460287016,0.006469098603307049
01a072a4-ca2f-7a62-a49e-a7eeaa1b8e17,a,C,1,UVH4a,11,0.0,-4050000.0,-4.05,20.0,0.4796875,0.03079144181976624,0.006885175703422714
01a072a4-ca2f-7a62-a49e-a7eeaa1b8e17,a,C,1,UVH4a,12,0.0,-3600000.0,-3.6,20.0,0.47978515625,0.029966142522038268,0.006700633170272455
01a072a4-ca2f-7a62-a49e-a7eeaa1b8e17,a,C,1,UVH4a,13,0.0,-3150000.0,-3.15,20.0,0.484375,0.02849083051469263,0.006370743376627804
01a072a4-ca2f-7a62-a49e-a7eeaa1b8e17,a,C,1,UVH4a,14,0.0,-2700000.0,-2.7,20.0,0.48056640625,0.038509787284790056,0.008611050216784762
01a072a4-ca2f-7a62-a49e-a7eeaa1b8e17,a,C,1,UVH4a,15,0.0,-2250000.0,-2.25,20.0,0.4841796875,0.025017421073421715,0.005594065414190671
01a072a4-ca2f-7a62-a49e-a7eeaa1b8e17,a,C,1,UVH4a,16,0.0,-1800000.0,-1.8,20.0,0.486865234375,0.02995001627693106,0.006697027232244301
01a072a4-ca2f-7a62-a49e-a7eeaa1b8e17,a,C,1,UVH4a,17,0.0,-1350000.0,-1.35,20.0,0.492236328125,0.028069254636301458,0.006276476144452119
01a072a4-ca2f-7a62-a49e-a7eeaa1b8e17,a,C,1,UVH4a,18,0.0,-900000.0,-0.9,20.0,0.491943359375,0.030855397902759464,0.006899476718337461
01a072a4-ca2f-7a62-a49e-a7eeaa1b8e17,a,C,1,UVH4a,19,0.0,-450000.0,-0.45,20.0,0.489453125,0.0203877772323252,0.004558845580160167
01a072a4-ca2f-7a62-a49e-a7eeaa1b8e17,a,C,1,UVH4a,20,0.0,0.0,0.0,20.0,0.49248046875,0.02112176236053336,0.004722969644274901
01a072a4-ca2f-7a62-a49e-a7eeaa1b8e17,a,C,1,UVH4a,21,0.0,450000.0,0.45,20.0,0.4962890625,0.027803567436605895,0.006217066680525035
01a072a4-ca2f-7a62-a49e-a7eeaa1b8e17,a,C,1,UVH4a,22,0.0,900000.0,0.9,20.0,0.488818359375,0.02398675183167073,0.005363600765503334
01a072a4-ca2f-7a62-a49e-a7eeaa1b8e17,a,C,1,UVH4a,23,0.0,1350000.0,1.35,20.0,0.492919921875,0.023085510918530765,0.00516207717091484
01a072a4-ca2f-7a62-a49e-a7eeaa1b8e17,a,C,1,UVH4a,24,0.0,1800000.0,1.8,20.0,0.485107421875,0.030333687326642975,0.006782818687059756
01a072a4-ca2f-7a62-a49e-a7eeaa1b8e17,a,C,1,UVH4a,25,0.0,2250000.0,2.25,20.0,0.487060546875,0.024660302212472476,0.005514211209277691
01a072a4-ca2f-7a62-a49e-a7eeaa1b8e17,a,C,1,UVH4a,26,0.0,2700000.0,2.7,20.0,0.483203125,0.026323558262966017,0.00588612656856683
01a072a4-ca2f-7a62-a49e-a7eeaa1b8e17,a,C,1,UVH4a,27,0.0,3150000.0,3.15,20.0,0.476171875,0.021786895234703077,0.004871697876346231
01a072a4-ca2f-7a62-a49e-a7eeaa1b8e17,a,C,1,UVH4a,28,0.0,3600000.0,3.6,20.0,0.47216796875,0.025602254113291232,0.0057248380574542795
01a072a4-ca2f-7a62-a49e-a7eeaa1b8e17,a,C,1,UVH4a,29,0.0,4050000.0,4.05,20.0,0.475341796875,0.02373304908675468,0.0053068711071322765
01a072a4-ca2f-7a62-a49e-a7eeaa1b8e17,a,C,1,UVH4a,30,0.0,4500000.0,4.5,20.0,0.47197265625,0.02311207568858026,0.005168017234078572
01a072a4-ca2f-7a62-a49e-a7eeaa1b8e17,a,C,1,UVH4a,31,0.0,4950000.0,4.95,20.0,0.4775390625,0.020824765233718092,0.004656559067806795
01a072a4-ca2f-7a62-a49e-a7eeaa1b8e17,a,C,1,UVH4a,32,0.0,5400000.0,5.4,20.0,0.469873046875,0.019506241699077,0.004361728242467717
01a072a4-ca2f-7a62-a49e-a7eeaa1b8e17,a,C,1,UVH4a,33,0.0,5850000.0,5.85,20.0,0.481689453125,0.026017214354382232,0.0058176259881581975
01a072a4-ca2f-7a62-a49e-a7eeaa1b8e17,a,C,1,UVH4a,34,0.0,6300000.0,6.3,20.0,0.47841796875,0.022648760601397148,0.005064416831084304
01a072a4-ca2f-7a62-a49e-a7eeaa1b8e17,a,C,1,UVH4a,35,0.0,6750000.0,6.75,20.0,0.48828125,0.01724662285633341,0.003856462108906309
01a072a4-ca2f-7a62-a49e-a7eeaa1b8e17,a,C,1,UVH4a,36,0.0,7200000.0,7.2,20.0,0.5021484375,0.023677414482343034,0.0052944308313957016
01a072a4-ca2f-7a62-a49e-a7eeaa1b8e17,a,C,1,UVH4a,37,0.0,7650000.0,7.65,20.0,0.512744140625,0.019403558224483444,0.004338767519532011
01a072a4-ca2f-7a62-a49e-a7eeaa1b8e17,a,C,1,UVH4a,38,0.0,8100000.0,8.1,20.0,0.5169921875,0.02361968324132738,0.005281521733462059
01a072a4-ca2f-7a62-a49e-a7eeaa1b8e17,a,C,1,UVH4a,39,0.0,8550000.0,8.55,20.0,0.539501953125,0.023730088020824953,0.005306208992661804
01a072a4-ca2f-7a62-a49e-a7eeaa1b8e17,a,C,1,UVH4a,40,0.0,9000000.0,9.0,20.0,0.56025390625,0.014985834761472238,0.003350934522623127
01a072a4-ca2f-7a62-a49e-a7eeaa1b8e17,a,C,2,UVH5a,0,0.0,-9000000.0,-9.0,20.0,0.36572265625,0.027287705428873738,0.006101716428895173
01a072a4-ca2f-7a62-a49e-a7eeaa1b8e17,a,C,2,UVH5a,1,0.0,-8550000.0,-8.55,20.0,0.36640625,0.02114195196194292,0.004727484176393942
01a072a4-ca2f-7a62-a49e-a7eeaa1b8e17,a,C,2,UVH5a,2,0.0,-8100000.0,-8.1,20.0,0.3685546875,0.0263765136406213,0.0058979677509879685
01a072a4-ca2f-7a62-a49e-a7eeaa1b8e17,a,C,2,UVH5a,3,0.0,-7650000.0,-7.65,20.0,0.375830078125,0.02948520028495141,0.006593091216734751
01a072a4-ca2f-7a62-a49e-a7eeaa1b8e17,a,C,2,UVH5a,4,0.0,-7200000.0,-7.2,20.0,0.387060546875,0.028610860353173537,0.006397582864444967
01a072a4-ca2f-7a62-a49e-a7eeaa1b8e17,a,C,2,UVH5a,5,0.0,-6750000.0,-6.75,20.0,0.39267578125,0.026086622551730523,0.005833146132904847
01a072a4-ca2f-7a62-a49e-a7eeaa1b8e17,a,C,2,UVH5a,6,0.0,-6300000.0,-6.3,20.0,0.40419921875,0.029499879181722515,0.006596373517836241
01a072a4-ca2f-7a62-a49e-a7eeaa1b8e17,a,C,2,UVH5a,7,0.0,-5850000.0,-5.85,20.0,0.41650390625,0.031136557817211655,0.006962345986463773
01a072a4-ca2f-7a62-a49e-a7eeaa1b8e17,a,C,2,UVH5a,8,0.0,-5400000.0,-5.4,20.0,0.42373046875,0.02744617067122069,0.006137150334291049
01a072a4-ca2f-7a62-a49e-a7eeaa1b8e17,a,C,2,UVH5a,9,0.0,-4950000.0,-4.95,20.0,0.43173828125,0.034196424473581205,0.007646552971036503
01a072a4-ca2f-7a62-a49e-a7eeaa1b8e17,a,C,2,UVH5a,10,0.0,-4500000.0,-4.5,20.0,0.447265625,0.031169587124192048,0.00696973156402956
01a072a4-ca2f-7a62-a49e-a7eeaa1b8e17,a,C,2,UVH5a,11,0.0,-4050000.0,-4.05,20.0,0.44990234375,0.030777582780228064,0.006882076727971692
01a072a4-ca2f-7a62-a49e-a7eeaa1b8e17,a,C,2,UVH5a,12,0.0,-3600000.0,-3.6,20.0,0.462109375,0.03558706699742816,0.00795751009260887
01a072a4-ca2f-7a62-a49e-a7eeaa1b8e17,a,C,2,UVH5a,13,0.0,-3150000.0,-3.15,20.0,0.465283203125,0.02722689101768409,0.006088117913152005
01a072a4-ca2f-7a62-a49e-a7eeaa1b8e17,a,C,2,UVH5a,14,0.0,-2700000.0,-2.7,20.0,0.47197265625,0.03381739381151851,0.00756179913844361
01a072a4-ca2f-7a62-a49e-a7eeaa1b8e17,a,C,2,UVH5a,15,0.0,-2250000.0,-2.25,20.0,0.47919921875,0.034121778952068485,0.0076298617250046665
01a072a4-ca2f-7a62-a49e-a7eeaa1b8e17,a,C,2,UVH5a,16,0.0,-1800000.0,-1.8,20.0,0.47939453125,0.02810575484874591,0.006284637840074017
01a072a4-ca2f-7a62-a49e-a7eeaa1b8e17,a,C,2,UVH5a,17,0.0,-1350000.0,-1.35,20.0,0.48203125,0.02694507889056155,0.006025102805839024
01a072a4-ca2f-7a62-a49e-a7eeaa1b8e17,a,C,2,UVH5a,18,0.0,-900000.0,-0.9,20.0,0.490283203125,0.03372877944772468,0.0075419843643210185
01a072a4-ca2f-7a62-a49e-a7eeaa1b8e17,a,C,2,UVH5a,19,0.0,-450000.0,-0.45,20.0,0.481982421875,0.025715663294592843,0.00575019712132058
01a072a4-ca2f-7a62-a49e-a7eeaa1b8e17,a,C,2,UVH5a,20,0.0,0.0,0.0,20.0,0.47841796875,0.030713587227870154,0.006867766887438698
01a072a4-ca2f-7a62-a49e-a7eeaa1b8e17,a,C,2,UVH5a,21,0.0,450000.0,0.45,20.0,0.478955078125,0.030226936312385478,0.006758948434605074
01a072a4-ca2f-7a62-a49e-a7eeaa1b8e17,a,C,2,UVH5a,22,0.0,900000.0,0.9,20.0,0.482666015625,0.027624765669938767,0.00617708539004856
01a072a4-ca2f-7a62-a49e-a7eeaa1b8e17,a,C,2,UVH5a,23,0.0,1350000.0,1.35,20.0,0.482275390625,0.04211366375141174,0.009416901492972545
01a072a4-ca2f-7a62-a49e-a7eeaa1b8e17,a,C,2,UVH5a,24,0.0,1800000.0,1.8,20.0,0.475537109375,0.030283342434712198,0.0067715612269920455
01a072a4-ca2f-7a62-a49e-a7eeaa1b8e17,a,C,2,UVH5a,25,0.0,2250000.0,2.25,20.0,0.482861328125,0.03505827877460767,0.007839269451416078
01a072a4-ca2f-7a62-a49e-a7eeaa1b8e17,a,C,2,UVH5a,26,0.0,2700000.0,2.7,20.0,0.4732421875,0.03615350469920394,0.00808416941322781
01a072a4-ca2f-7a62-a49e-a7eeaa1b8e17,a,C,2,UVH5a,27,0.0,3150000.0,3.15,20.0,0.468896484375,0.04027377126174617,0.009005489025154191
01a072a4-ca2f-7a62-a49e-a7eeaa1b8e17,a,C,2,UVH5a,28,0.0,3600000.0,3.6,20.0,0.469873046875,0.0343609721933581,0.0076833469597328745
01a072a4-ca2f-7a62-a49e-a7eeaa1b8e17,a,C,2,UVH5a,29,0.0,4050000.0,4.05,20.0,0.466259765625,0.03328688128737186,0.007443172931752918
01a072a4-ca2f-7a62-a49e-a7eeaa1b8e17,a,C,2,UVH5a,30,0.0,4500000.0,4.5,20.0,0.462841796875,0.038673114503245225,0.008647571293088933
01a072a4-ca2f-7a62-a49e-a7eeaa1b8e17,a,C,2,UVH5a,31,0.0,4950000.0,4.95,20.0,0.45166015625,0.04169108695786189,0.009322410449363409
01a072a4-ca2f-7a62-a49e-a7eeaa1b8e17,a,C,2,UVH5a,32,0.0,5400000.0,5.4,20.0,0.444775390625,0.04001395107717672,0.008947391465691809
01a072a4-ca2f-7a62-a49e-a7eeaa1b8e17,a,C,2,UVH5a,33,0.0,5850000.0,5.85,20.0,0.437158203125,0.03925639966813236,0.008777997820984413
01a072a4-ca2f-7a62-a49e-a7eeaa1b8e17,a,C,2,UVH5a,34,0.0,6300000.0,6.3,20.0,0.423779296875,0.03502963281616218,0.007832864020379603
01a072a4-ca2f-7a62-a49e-a7eeaa1b8e17,a,C,2,UVH5a,35,0.0,6750000.0,6.75,20.0,0.4166015625,0.040161603437567056,0.008980407537178917
01a072a4-ca2f-7a62-a49e-a7eeaa1b8e17,a,C,2,UVH5a,36,0.0,7200000.0,7.2,20.0,0.4048828125,0.0370476460274047,0.008284105492362694
01a072a4-ca2f-7a62-a49e-a7eeaa1b8e17,a,C,2,UVH5a,37,0.0,7650000.0,7.65,20.0,0.392333984375,0.04612357189800791,0.01031354421290447
01a072a4-ca2f-7a62-a49e-a7eeaa1b8e17,a,C,2,UVH5a,38,0.0,8100000.0,8.1,20.0,0.38193359375,0.0461214225795309,0.010313063610682478
01a072a4-ca2f-7a62-a49e-a7eeaa1b8e17,a,C,2,UVH5a,39,0.0,8550000.0,8.55,20.0,0.366943359375,0.04996906628650959,0.011173422898882842
01a072a4-ca2f-7a62-a49e-a7eeaa1b8e17,a,C,2,UVH5a,40,0.0,9000000.0,9.0,20.0,0.3505859375,0.04509027895021251,0.010082492885710302
01a072a4-ca2f-7a62-a49e-a7eeaa1b8e17,a,C,3,UVH6a,0,0.0,-9000000.0,-9.0,20.0,0.538720703125,0.03802364882587764,0.008502346352724247
01a072a4-ca2f-7a62-a49e-a7eeaa1b8e17,a,C,3,UVH6a,1,0.0,-8550000.0,-8.55,20.0,0.53271484375,0.03531650358832472,0.007897010275110932
01a072a4-ca2f-7a62-a49e-a7eeaa1b8e17,a,C,3,UVH6a,2,0.0,-8100000.0,-8.1,20.0,0.52978515625,0.034591329936552014,0.007734856517025378
01a072a4-ca2f-7a62-a49e-a7eeaa1b8e17,a,C,3,UVH6a,3,0.0,-7650000.0,-7.65,20.0,0.51181640625,0.03617640506936537,0.008089290091666895
01a072a4-ca2f-7a62-a49e-a7eeaa1b8e17,a,C,3,UVH6a,4,0.0,-7200000.0,-7.2,20.0,0.508642578125,0.03419697489276134,0.007646676048506794
01a072a4-ca2f-7a62-a49e-a7eeaa1b8e17,a,C,3,UVH6a,5,0.0,-6750000.0,-6.75,20.0,0.504736328125,0.02626758225625601,0.005873609952955574
01a072a4-ca2f-7a62-a49e-a7eeaa1b8e17,a,C,3,UVH6a,6,0.0,-6300000.0,-6.3,20.0,0.500927734375,0.027401465976347125,0.006127154060625981
01a072a4-ca2f-7a62-a49e-a7eeaa1b8e17,a,C,3,UVH6a,7,0.0,-5850000.0,-5.85,20.0,0.49052734375,0.03388560041714091,0.0075770505991122295
01a072a4-ca2f-7a62-a49e-a7eeaa1b8e17,a,C,3,UVH6a,8,0.0,-5400000.0,-5.4,20.0,0.49130859375,0.031146873166234705,0.0069646525686264905
01a072a4-ca2f-7a62-a49e-a7eeaa1b8e17,a,C,3,UVH6a,9,0.0,-4950000.0,-4.95,20.0,0.48740234375,0.032002121654245826,0.0071558919443111685
01a072a4-ca2f-7a62-a49e-a7eeaa1b8e17,a,C,3,UVH6a,10,0.0,-4500000.0,-4.5,20.0,0.489208984375,0.036383342821787214,0.008135562779819522
01a072a4-ca2f-7a62-a49e-a7eeaa1b8e17,a,C,3,UVH6a,11,0.0,-4050000.0,-4.05,20.0,0.48017578125,0.03041668148173343,0.0068013767443114975
01a072a4-ca2f-7a62-a49e-a7eeaa1b8e17,a,C,3,UVH6a,12,0.0,-3600000.0,-3.6,20.0,0.487890625,0.028930341467603773,0.006469021013384307
01a072a4-ca2f-7a62-a49e-a7eeaa1b8e17,a,C,3,UVH6a,13,0.0,-3150000.0,-3.15,20.0,0.485400390625,0.028822702973363517,0.006444952314372613
01a072a4-ca2f-7a62-a49e-a7eeaa1b8e17,a,C,3,UVH6a,14,0.0,-2700000.0,-2.7,20.0,0.487451171875,0.030400464015283072,0.006797750408570915
01a072a4-ca2f-7a62-a49e-a7eeaa1b8e17,a,C,3,UVH6a,15,0.0,-2250000.0,-2.25,20.0,0.484423828125,0.03264126951110853,0.0072988097498729995
01a072a4-ca2f-7a62-a49e-a7eeaa1b8e17,a,C,3,UVH6a,16,0.0,-1800000.0,-1.8,20.0,0.48857421875,0.03362985862540429,0.007519864996011163
01a072a4-ca2f-7a62-a49e-a7eeaa1b8e17,a,C,3,UVH6a,17,0.0,-1350000.0,-1.35,20.0,0.4953125,0.036875452996771516,0.008245601960187943
01a072a4-ca2f-7a62-a49e-a7eeaa1b8e17,a,C,3,UVH6a,18,0.0,-900000.0,-0.9,20.0,0.4892578125,0.03601105797907365,0.008052317358289486
01a072a4-ca2f-7a62-a49e-a7eeaa1b8e17,a,C,3,UVH6a,19,0.0,-450000.0,-0.45,20.0,0.495556640625,0.03666780190178212,0.00819916976378809
01a072a4-ca2f-7a62-a49e-a7eeaa1b8e17,a,C,3,UVH6a,20,0.0,0.0,0.0,20.0,0.490185546875,0.03986062085377789,0.008913105785439307
01a072a4-ca2f-7a62-a49e-a7eeaa1b8e17,a,C,3,UVH6a,21,0.0,450000.0,0.45,20.0,0.5013671875,0.031776253537144805,0.007105386297932392
01a072a4-ca2f-7a62-a49e-a7eeaa1b8e17,a,C,3,UVH6a,22,0.0,900000.0,0.9,20.0,0.495703125,0.04026270878937964,0.009003015381133113
01a072a4-ca2f-7a62-a49e-a7eeaa1b8e17,a,C,3,UVH6a,23,0.0,1350000.0,1.35,20.0,0.4908203125,0.039188735172656,0.008762867579829577
01a072a4-ca2f-7a62-a49e-a7eeaa1b8e17,a,C,3,UVH6a,24,0.0,1800000.0,1.8,20.0,0.4904296875,0.0334495259362796,0.007479541380866349
01a072a4-ca2f-7a62-a49e-a7eeaa1b8e17,a,C,3,UVH6a,25,0.0,2250000.0,2.25,20.0,0.489013671875,0.04045234470134838,0.00904541926014684
01a072a4-ca2f-7a62-a49e-a7eeaa1b8e17,a,C,3,UVH6a,26,0.0,2700000.0,2.7,20.0,0.48662109375,0.0410878857116836,0.009187530550306685
01a072a4-ca2f-7a62-a49e-a7eeaa1b8e17,a,C,3,UVH6a,27,0.0,3150000.0,3.15,20.0,0.483447265625,0.03793139693548517,0.008481718202927204
01a072a4-ca2f-7a62-a49e-a7eeaa1b8e17,a,C,3,UVH6a,28,0.0,3600000.0,3.6,20.0,0.49033203125,0.041227888054924264,0.009218836025956223
01a072a4-ca2f-7a62-a49e-a7eeaa1b8e17,a,C,3,UVH6a,29,0.0,4050000.0,4.05,20.0,0.48232421875,0.04451431699211925,0.009953703876635262
01a072a4-ca2f-7a62-a49e-a7eeaa1b8e17,a,C,3,UVH6a,30,0.0,4500000.0,4.5,20.0,0.47734375,0.04457707886764365,0.009967737858642054
01a072a4-ca2f-7a62-a49e-a7eeaa1b8e17,a,C,3,UVH6a,31,0.0,4950000.0,4.95,20.0,0.478857421875,0.04217559468003586,0.009430749669603866
01a072a4-ca2f-7a62-a49e-a7eeaa1b8e17,a,C,3,UVH6a,32,0.0,5400000.0,5.4,20.0,0.484765625,0.04259142039522625,0.009523731126199685
01a072a4-ca2f-7a62-a49e-a7eeaa1b8e17,a,C,3,UVH6a,33,0.0,5850000.0,5.85,20.0,0.48818359375,0.045735643549614666,0.010226800797163817
01a072a4-ca2f-7a62-a49e-a7eeaa1b8e17,a,C,3,UVH6a,34,0.0,6300000.0,6.3,20.0,0.492333984375,0.04760102304964561,0.010643912333754193
01a072a4-ca2f-7a62-a49e-a7eeaa1b8e17,a,C,3,UVH6a,35,0.0,6750000.0,6.75,20.0,0.49697265625,0.04780160691265891,0.010688764249042916
01a072a4-ca2f-7a62-a49e-a7eeaa1b8e17,a,C,3,UVH6a,36,0.0,7200000.0,7.2,20.0,0.509814453125,0.04643981768704383,0.010384258921092706
01a072a4-ca2f-7a62-a49e-a7eeaa1b8e17,a,C,3,UVH6a,37,0.0,7650000.0,7.65,20.0,0.5232421875,0.046341493491995574,0.01036227296269662
01a072a4-ca2f-7a62-a49e-a7eeaa1b8e17,a,C,3,UVH6a,38,0.0,8100000.0,8.1,20.0,0.533642578125,0.05426687374456144,0.012134441861923794
01a072a4-ca2f-7a62-a49e-a7eeaa1b8e17,a,C,3,UVH6a,39,0.0,8550000.0,8.55,20.0,0.556982421875,0.05371353070145424,0.012010710595997363
01a072a4-ca2f-7a62-a49e-a7eeaa1b8e17,a,C,3,UVH6a,40,0.0,9000000.0,9.0,20.0,0.577392578125,0.054251517634290335,0.012131008131280176
01a072a4-ca2f-7a62-a49e-a7eeaa1b8e17,a,C,4,UVH7a,0,0.0,-9000000.0,-9.0,20.0,0.495166015625,0.03238345078403633,0.007241159729912409
01a072a4-ca2f-7a62-a49e-a7eeaa1b8e17,a,C,4,UVH7a,1,0.0,-8550000.0,-8.55,20.0,0.48740234375,0.033834903400055356,0.007565714401466254
01a072a4-ca2f-7a62-a49e-a7eeaa1b8e17,a,C,4,UVH7a,2,0.0,-8100000.0,-8.1,20.0,0.478759765625,0.03105160831463524,0.006943350700222207
01a072a4-ca2f-7a62-a49e-a7eeaa1b8e17,a,C,4,UVH7a,3,0.0,-7650000.0,-7.65,20.0,0.47060546875,0.03401983295607991,0.007607065907298229
01a072a4-ca2f-7a62-a49e-a7eeaa1b8e17,a,C,4,UVH7a,4,0.0,-7200000.0,-7.2,20.0,0.472705078125,0.027902456634027125,0.006239178977292462
01a072a4-ca2f-7a62-a49e-a7eeaa1b8e17,a,C,4,UVH7a,5,0.0,-6750000.0,-6.75,20.0,0.477880859375,0.02608541995876457,0.005832877224942734
01a072a4-ca2f-7a62-a49e-a7eeaa1b8e17,a,C,4,UVH7a,6,0.0,-6300000.0,-6.3,20.0,0.4798828125,0.022409256546982698,0.005010862096428552
01a072a4-ca2f-7a62-a49e-a7eeaa1b8e17,a,C,4,UVH7a,7,0.0,-5850000.0,-5.85,20.0,0.47666015625,0.023874380457374774,0.005338473762338251
01a072a4-ca2f-7a62-a49e-a7eeaa1b8e17,a,C,4,UVH7a,8,0.0,-5400000.0,-5.4,20.0,0.47685546875,0.024652617409783615,0.005512492835157095
01a072a4-ca2f-7a62-a49e-a7eeaa1b8e17,a,C,4,UVH7a,9,0.0,-4950000.0,-4.95,20.0,0.481591796875,0.025801013143156862,0.005769281927646425
01a072a4-ca2f-7a62-a49e-a7eeaa1b8e17,a,C,4,UVH7a,10,0.0,-4500000.0,-4.5,20.0,0.4830078125,0.027267280290200233,0.006097149229042791
01a072a4-ca2f-7a62-a49e-a7eeaa1b8e17,a,C,4,UVH7a,11,0.0,-4050000.0,-4.05,20.0,0.4859375,0.02455326270471925,0.005490276447716259
01a072a4-ca2f-7a62-a49e-a7eeaa1b8e17,a,C,4,UVH7a,12,0.0,-3600000.0,-3.6,20.0,0.484716796875,0.0272154587783107,0.00608556158671461
01a072a4-ca2f-7a62-a49e-a7eeaa1b8e17,a,C,4,UVH7a,13,0.0,-3150000.0,-3.15,20.0,0.48291015625,0.02378507185545594,0.0053185037518516535
01a072a4-ca2f-7a62-a49e-a7eeaa1b8e17,a,C,4,UVH7a,14,0.0,-2700000.0,-2.7,20.0,0.492626953125,0.027296854979181606,0.006103762330540367
01a072a4-ca2f-7a62-a49e-a7eeaa1b8e17,a,C,4,UVH7a,15,0.0,-2250000.0,-2.25,20.0,0.48798828125,0.0313383760114521,0.007007473906605562
01a072a4-ca2f-7a62-a49e-a7eeaa1b8e17,a,C,4,UVH7a,16,0.0,-1800000.0,-1.8,20.0,0.48759765625,0.02670689125635445,0.005971842431690332
01a072a4-ca2f-7a62-a49e-a7eeaa1b8e17,a,C,4,UVH7a,17,0.0,-1350000.0,-1.35,20.0,0.486376953125,0.03141096720463448,0.007023705790857924
01a072a4-ca2f-7a62-a49e-a7eeaa1b8e17,a,C,4,UVH7a,18,0.0,-900000.0,-0.9,20.0,0.4865234375,0.03324784140605232,0.007434443348906516
01a072a4-ca2f-7a62-a49e-a7eeaa1b8e17,a,C,4,UVH7a,19,0.0,-450000.0,-0.45,20.0,0.49404296875,0.029779299669580036,0.006658853838351799
01a072a4-ca2f-7a62-a49e-a7eeaa1b8e17,a,C,4,UVH7a,20,0.0,0.0,0.0,20.0,0.48818359375,0.036966945550695254,0.008266060317188798
01a072a4-ca2f-7a62-a49e-a7eeaa1b8e17,a,C,4,UVH7a,21,0.0,450000.0,0.45,20.0,0.4912109375,0.03202579633049559,0.007161185762855146
01a072a4-ca2f-7a62-a49e-a7eeaa1b8e17,a,C,4,UVH7a,22,0.0,900000.0,0.9,20.0,0.49404296875,0.03330109023963378,0.007446350150067589
01a072a4-ca2f-7a62-a49e-a7eeaa1b8e17,a,C,4,UVH7a,23,0.0,1350000.0,1.35,20.0,0.488330078125,0.03616610169723101,0.008086986187617905
01a072a4-ca2f-7a62-a49e-a7eeaa1b8e17,a,C,4,UVH7a,24,0.0,1800000.0,1.8,20.0,0.483642578125,0.03865675765085907,0.008643913789705596
01a072a4-ca2f-7a62-a49e-a7eeaa1b8e17,a,C,4,UVH7a,25,0.0,2250000.0,2.25,20.0,0.488427734375,0.034712677921021166,0.00776199075124594
01a072a4-ca2f-7a62-a49e-a7eeaa1b8e17,a,C,4,UVH7a,26,0.0,2700000.0,2.7,20.0,0.484521484375,0.03254394001075266,0.007277046211971819
01a072a4-ca2f-7a62-a49e-a7eeaa1b8e17,a,C,4,UVH7a,27,0.0,3150000.0,3.15,20.0,0.487548828125,0.03859568283992776,0.00863025704681006
01a072a4-ca2f-7a62-a49e-a7eeaa1b8e17,a,C,4,UVH7a,28,0.0,3600000.0,3.6,20.0,0.479052734375,0.03786517575517024,0.008466910696853758
01a072a4-ca2f-7a62-a49e-a7eeaa1b8e17,a,C,4,UVH7a,29,0.0,4050000.0,4.05,20.0,0.471875,0.039729603812516265,0.008883809484392118
01a072a4-ca2f-7a62-a49e-a7eeaa1b8e17,a,C,4,UVH7a,30,0.0,4500000.0,4.5,20.0,0.465869140625,0.03370496068401335,0.007536658326841166
01a072a4-ca2f-7a62-a49e-a7eeaa1b8e17,a,C,4,UVH7a,31,0.0,4950000.0,4.95,20.0,0.45546875,0.03380002365372839,0.0075579150530837485
01a072a4-ca2f-7a62-a49e-a7eeaa1b8e17,a,C,4,UVH7a,32,0.0,5400000.0,5.4,20.0,0.451513671875,0.03502218102903325,0.007831197750122188
01a072a4-ca2f-7a62-a49e-a7eeaa1b8e17,a,C,4,UVH7a,33,0.0,5850000.0,5.85,20.0,0.435888671875,0.038514185984764464,0.008612033796000302
01a072a4-ca2f-7a62-a49e-a7eeaa1b8e17,a,C,4,UVH7a,34,0.0,6300000.0,6.3,20.0,0.419921875,0.03230201369757907,0.007222949843791612
01a072a4-ca2f-7a62-a49e-a7eeaa1b8e17,a,C,4,UVH7a,35,0.0,6750000.0,6.75,20.0,0.404638671875,0.02229445010231625,0.004985190594975627
01a072a4-ca2f-7a62-a49e-a7eeaa1b8e17,a,C,4,UVH7a,36,0.0,7200000.0,7.2,20.0,0.38974609375,0.027499154547877786,0.006148997889282722
01a072a4-ca2f-7a62-a49e-a7eeaa1b8e17,a,C,4,UVH7a,37,0.0,7650000.0,7.65,20.0,0.37177734375,0.03193177826351859,0.007140162683967776
01a072a4-ca2f-7a62-a49e-a7eeaa1b8e17,a,C,4,UVH7a,38,0.0,8100000.0,8.1,20.0,0.364794921875,0.029307966307854483,0.006553460494663615
01a072a4-ca2f-7a62-a49e-a7eeaa1b8e17,a,C,4,UVH7a,39,0.0,8550000.0,8.55,20.0,0.338134765625,0.02769191197469948,0.006192099760236847
01a072a4-ca2f-7a62-a49e-a7eeaa1b8e17,a,C,4,UVH7a,40,0.0,9000000.0,9.0,20.0,0.3267578125,0.024015872859599968,0.005370112425305779
01a072a4-ca2f-7a62-a49e-a7eeaa1b8e17,a,C,5,UVH8a,0,0.0,-9000000.0,-9.0,20.0,0.518798828125,0.046582699311798884,0.010416208223661497
01a072a4-ca2f-7a62-a49e-a7eeaa1b8e17,a,C,5,UVH8a,1,0.0,-8550000.0,-8.55,20.0,0.508642578125,0.04382610728326186,0.009799815507457215
01a072a4-ca2f-7a62-a49e-a7eeaa1b8e17,a,C,5,UVH8a,2,0.0,-8100000.0,-8.1,20.0,0.50556640625,0.04309600530426979,0.009636559741903875
01a072a4-ca2f-7a62-a49e-a7eeaa1b8e17,a,C,5,UVH8a,3,0.0,-7650000.0,-7.65,20.0,0.501513671875,0.03626865772213537,0.008109918411936735
01a072a4-ca2f-7a62-a49e-a7eeaa1b8e17,a,C,5,UVH8a,4,0.0,-7200000.0,-7.2,20.0,0.498046875,0.035589041557165434,0.007957951617588688
01a072a4-ca2f-7a62-a49e-a7eeaa1b8e17,a,C,5,UVH8a,5,0.0,-6750000.0,-6.75,20.0,0.493017578125,0.040157697668313674,0.008979534180623418
01a072a4-ca2f-7a62-a49e-a7eeaa1b8e17,a,C,5,UVH8a,6,0.0,-6300000.0,-6.3,20.0,0.494384765625,0.030960954762365368,0.0069230799496944806
01a072a4-ca2f-7a62-a49e-a7eeaa1b8e17,a,C,5,UVH8a,7,0.0,-5850000.0,-5.85,20.0,0.486669921875,0.04474417239623367,0.010005101107494814
01a072a4-ca2f-7a62-a49e-a7eeaa1b8e17,a,C,5,UVH8a,8,0.0,-5400000.0,-5.4,20.0,0.49306640625,0.04392406284484511,0.009821719036904646
01a072a4-ca2f-7a62-a49e-a7eeaa1b8e17,a,C,5,UVH8a,9,0.0,-4950000.0,-4.95,20.0,0.49443359375,0.0431576896045594,0.009650352770763083
01a072a4-ca2f-7a62-a49e-a7eeaa1b8e17,a,C,5,UVH8a,10,0.0,-4500000.0,-4.5,20.0,0.496142578125,0.04266098263905075,0.009539285716785584
01a072a4-ca2f-7a62-a49e-a7eeaa1b8e17,a,C,5,UVH8a,11,0.0,-4050000.0,-4.05,20.0,0.490869140625,0.036735908284153095,0.008214398813856398
01a072a4-ca2f-7a62-a49e-a7eeaa1b8e17,a,C,5,UVH8a,12,0.0,-3600000.0,-3.6,20.0,0.499169921875,0.04535031826111483,0.010140639443310282
01a072a4-ca2f-7a62-a49e-a7eeaa1b8e17,a,C,5,UVH8a,13,0.0,-3150000.0,-3.15,20.0,0.494921875,0.0466997047823411,0.010442371442248672
01a072a4-ca2f-7a62-a49e-a7eeaa1b8e17,a,C,5,UVH8a,14,0.0,-2700000.0,-2.7,20.0,0.49189453125,0.04685475765644512,0.010477042318909002
01a072a4-ca2f-7a62-a49e-a7eeaa1b8e17,a,C,5,UVH8a,15,0.0,-2250000.0,-2.25,20.0,0.494580078125,0.04277261019500039,0.00956424639711214
01a072a4-ca2f-7a62-a49e-a7eeaa1b8e17,a,C,5,UVH8a,16,0.0,-1800000.0,-1.8,20.0,0.49990234375,0.04490723535051658,0.010041563092533666
01a072a4-ca2f-7a62-a49e-a7eeaa1b8e17,a,C,5,UVH8a,17,0.0,-1350000.0,-1.35,20.0,0.4908203125,0.051018313683481205,0.011408041749367166
01a072a4-ca2f-7a62-a49e-a7eeaa1b8e17,a,C,5,UVH8a,18,0.0,-900000.0,-0.9,20.0,0.49189453125,0.04594390769818741,0.010273370076512293
01a072a4-ca2f-7a62-a49e-a7eeaa1b8e17,a,C,5,UVH8a,19,0.0,-450000.0,-0.45,20.0,0.491650390625,0.0483721254683523,0.01081633607633846
01a072a4-ca2f-7a62-a49e-a7eeaa1b8e17,a,C,5,UVH8a,20,0.0,0.0,0.0,20.0,0.49375,0.04703790565884667,0.010517995457240317
01a072a4-ca2f-7a62-a49e-a7eeaa1b8e17,a,C,5,UVH8a,21,0.0,450000.0,0.45,20.0,0.491796875,0.04353553003126063,0.009734840458638231
01a072a4-ca2f-7a62-a49e-a7eeaa1b8e17,a,C,5,UVH8a,22,0.0,900000.0,0.9,20.0,0.489599609375,0.04786915522296837,0.010703868510404637
01a072a4-ca2f-7a62-a49e-a7eeaa1b8e17,a,C,5,UVH8a,23,0.0,1350000.0,1.35,20.0,0.497509765625,0.04356097350902311,0.009740529793224323
01a072a4-ca2f-7a62-a49e-a7eeaa1b8e17,a,C,5,UVH8a,24,0.0,1800000.0,1.8,20.0,0.49853515625,0.03555588263366794,0.007950537056888576
01a072a4-ca2f-7a62-a49e-a7eeaa1b8e17,a,C,5,UVH8a,25,0.0,2250000.0,2.25,20.0,0.494970703125,0.04191055861763008,0.009371485804401046
01a072a4-ca2f-7a62-a49e-a7eeaa1b8e17,a,C,5,UVH8a,26,0.0,2700000.0,2.7,20.0,0.49443359375,0.036087776432018645,0.00806947212588085
01a072a4-ca2f-7a62-a49e-a7eeaa1b8e17,a,C,5,UVH8a,27,0.0,3150000.0,3.15,20.0,0.493115234375,0.039460700392692685,0.008823680851781349
01a072a4-ca2f-7a62-a49e-a7eeaa1b8e17,a,C,5,UVH8a,28,0.0,3600000.0,3.6,20.0,0.493408203125,0.03389267269569629,0.007578632008672794
01a072a4-ca2f-7a62-a49e-a7eeaa1b8e17,a,C,5,UVH8a,29,0.0,4050000.0,4.05,20.0,0.501513671875,0.028763432627308325,0.006431699062089679
01a072a4-ca2f-7a62-a49e-a7eeaa1b8e17,a,C,5,UVH8a,30,0.0,4500000.0,4.5,20.0,0.5017578125,0.03526544400196655,0.007885593004510943
01a072a4-ca2f-7a62-a49e-a7eeaa1b8e17,a,C,5,UVH8a,31,0.0,4950000.0,4.95,20.0,0.498193359375,0.02810821032059419,0.006285186900270977
01a072a4-ca2f-7a62-a49e-a7eeaa1b8e17,a,C,5,UVH8a,32,0.0,5400000.0,5.4,20.0,0.49873046875,0.03492433672921412,0.007809319099561543
01a072a4-ca2f-7a62-a49e-a7eeaa1b8e17,a,C,5,UVH8a,33,0.0,5850000.0,5.85,20.0,0.495654296875,0.040536136193509056,0.009064155607387582
01a072a4-ca2f-7a62-a49e-a7eeaa1b8e17,a,C,5,UVH8a,34,0.0,6300000.0,6.3,20.0,0.5005859375,0.03611877950293533,0.008076404623288945
01a072a4-ca2f-7a62-a49e-a7eeaa1b8e17,a,C,5,UVH8a,35,0.0,6750000.0,6.75,20.0,0.49853515625,0.046590914611068186,0.010418045220423663
01a072a4-ca2f-7a62-a49e-a7eeaa1b8e17,a,C,5,UVH8a,36,0.0,7200000.0,7.2,20.0,0.494873046875,0.04996806178726009,0.01117319828602232
01a072a4-ca2f-7a62-a49e-a7eeaa1b8e17,a,C,5,UVH8a,37,0.0,7650000.0,7.65,20.0,0.488818359375,0.045420213674725936,0.010156268532925271
01a072a4-ca2f-7a62-a49e-a7eeaa1b8e17,a,C,5,UVH8a,38,0.0,8100000.0,8.1,20.0,0.4841796875,0.05051625410919655,0.011295777815681658
01a072a4-ca2f-7a62-a49e-a7eeaa1b8e17,a,C,5,UVH8a,39,0.0,8550000.0,8.55,20.0,0.47392578125,0.04900881452594719,0.010958704077669705
01a072a4-ca2f-7a62-a49e-a7eeaa1b8e17,a,C,5,UVH8a,40,0.0,9000000.0,9.0,20.0,0.4689453125,0.047412243030853264,0.010601699838272855
