sequence,cancelled_order,target_error,max_cancelled_coefficient,leading_rms,passed
UVH1s,0,1.1102230246251565e-16,0.0,0.7071067811865474,True
UVH5s,1,1.2212453270876722e-15,1.2212453270876722e-15,0.8951833479707507,True
UVH7s,1,1.4432899320127035e-15,4.007905118896815e-14,0.44387042884051936,True
UVH9s,2,1.5543122344752192e-15,2.9976021664879227e-15,2.2841685015132707,True
UVH11s,2,6.106226635438361e-15,8.881784197001252e-15,0.23702703876706033,True
UVH13s,3,9.992007221626409e-16,1.1102230246251565e-14,4.225297677145269,True
UVH4a,1,3.885780586188048e-16,7.850462293418872e-17,0.999194009199574,True
UVH4d,1,0.0,5.551115123125783e-17,1.1485902440829856,True
UVH5a,1,8.326672684688674e-16,8.514239660528666e-15,0.6086132960067138,True
UVH5d,1,5.10702591327572e-15,4.274358644806853e-15,0.9783756159475506,True
UVH6a,1,7.993605777301127e-15,2.5854318685958333e-14,0.16244611939182066,True
UVH6d,1,3.197442310920451e-14,1.3322676295501878e-15,0.2838090311127643,True
UVH7a,2,4.440892098500626e-16,4.558853294867049e-15,3.386192016651328,True
UVH7d,2,1.1102230246251565e-16,2.733924198139448e-15,3.3861920166513486,True
UVH8a,2,2.1649348980190553e-15,9.769962616701378e-15,0.18630473274459367,True
UVH8d,2,6.661338147750939e-16,2.886579864025407e-15,0.5883970801464983,True
