sequence,coarse_percent,fine_percent,repeat_percent,mean_fine_percent,empirical_spread_pp
UVH4a,0.275421142578125,0.27523040771484375,0.27523040771484375,0.27523040771484375,0.00019073486328125
UVH4d,1.7486572265625,1.7406463623046875,1.7414093017578125,1.74102783203125,0.0080108642578125
UVH5a,1.1959075927734375,1.1877059936523438,1.1893272399902344,1.188516616821289,0.00820159912109375
UVH5d,2.1892547607421875,2.1842002868652344,2.1848678588867188,2.1845340728759766,0.005054473876953125
UVH6a,2.0832061767578125,2.083873748779297,2.082061767578125,2.082967758178711,0.001811981201171875
UVH6d,5.1502227783203125,5.156803131103516,5.155372619628906,5.156087875366211,0.006580352783203125
UVH7a,6.1614990234375,6.1557769775390625,6.155967712402344,6.155872344970703,0.0057220458984375
UVH7d,6.1614990234375,6.1557769775390625,6.155967712402344,6.155872344970703,0.0057220458984375
UVH8a,15.394210815429688,15.392780303955078,15.387439727783203,15.39011001586914,0.006771087646484375
UVH8d,16.767501831054688,16.770458221435547,16.76645278930664,16.768455505371094,0.00400543212890625
