sequence,epsilon_power,alpha_power,coefficient
UVH1s,0,0,0.4999999999999999
UVH1s,0,1,0.0
UVH1s,1,0,0.9999999999999998
UVH5s,0,0,0.4999999999999988
UVH5s,0,1,4.9017643209949964e-17
UVH5s,1,0,1.2212453270876722e-15
UVH5s,0,2,1.4676715161957627
UVH5s,1,1,1.9200613225306134e-16
UVH5s,2,0,-0.49999999999999734
UVH7s,0,0,0.5000000000000014
UVH7s,0,1,-1.595469175397377e-16
UVH7s,1,0,4.007905118896815e-14
UVH7s,0,2,-0.7533694596656835
UVH7s,1,1,1.234836777423305e-15
UVH7s,2,0,-0.1532883884716505
UVH9s,0,0,0.49999999999999845
UVH9s,0,1,1.558256585866452e-16
UVH9s,1,0,-2.9976021664879227e-15
UVH9s,0,2,1.1102230246251565e-15
UVH9s,1,1,1.2537715044158118e-15
UVH9s,2,0,1.1830814106161824e-15
UVH9s,0,3,-8.024628655781742e-16
UVH9s,1,2,-3.910935336969019
UVH9s,2,1,2.1804515709830275e-15
UVH9s,3,0,2.360992961291614
UVH11s,0,0,0.5000000000000061
UVH11s,0,1,3.340834844343267e-16
UVH11s,1,0,2.3869795029440866e-15
UVH11s,0,2,2.942091015256665e-15
UVH11s,1,1,8.629658224377349e-16
UVH11s,2,0,-8.881784197001252e-15
UVH11s,0,3,2.5834849566324023e-15
UVH11s,1,2,-0.4171670962012062
UVH11s,2,1,-9.391563995696307e-15
UVH11s,3,0,-0.225164122972066
UVH13s,0,0,0.499999999999999
UVH13s,0,1,3.8542337724665223e-16
UVH13s,1,0,-2.220446049250313e-16
UVH13s,0,2,-2.220446049250313e-15
UVH13s,1,1,-2.6356658911373216e-16
UVH13s,2,0,-9.43689570931383e-16
UVH13s,0,3,-2.264048461617496e-15
UVH13s,1,2,-1.1102230246251565e-14
UVH13s,2,1,-4.876783021839454e-15
UVH13s,3,0,-9.908740494779522e-15
UVH13s,0,4,0.5910970137573504
UVH13s,1,3,-3.074000257455376e-15
UVH13s,2,2,9.191822364640359
UVH13s,3,1,-2.838091840726325e-14
UVH13s,4,0,-2.1039743914008358
UVH4a,0,0,0.4999999999999996
UVH4a,0,1,-7.850462293418872e-17
UVH4a,1,0,9.524207825395977e-18
UVH4a,0,2,-0.49999999999999983
UVH4a,1,1,5.630016244168561e-16
UVH4a,2,0,-1.6568542494923792
UVH4d,0,0,0.5
UVH4d,0,1,0.0
UVH4d,1,0,5.551115123125783e-17
UVH4d,0,2,0.13568716179028362
UVH4d,1,1,0.33015695206290974
UVH4d,2,0,-1.9571315815595192
UVH5a,0,0,0.49999999999999917
UVH5a,0,1,-1.5476986012230576e-15
UVH5a,1,0,-8.514239660528666e-15
UVH5a,0,2,-0.4237327880655758
UVH5a,1,1,0.6964049330747148
UVH5a,2,0,-0.668357034627334
UVH5d,0,0,0.4999999999999949
UVH5d,0,1,-4.274358644806853e-15
UVH5d,1,0,2.55351295663786e-15
UVH5d,0,2,-1.0987062234291378
UVH5d,1,1,1.250989494200081
UVH5d,2,0,-0.3154781413051537
UVH6a,0,0,0.499999999999992
UVH6a,0,1,-4.458239333260394e-15
UVH6a,1,0,-2.5854318685958333e-14
UVH6a,0,2,-0.28098199648129196
UVH6a,1,1,0.01204936606290341
UVH6a,2,0,0.008375890833478783
UVH6d,0,0,0.500000000000032
UVH6d,0,1,-1.1102230246251565e-16
UVH6d,1,0,-1.3322676295501878e-15
UVH6d,0,2,-0.26213971035594485
UVH6d,1,1,0.15083949185001333
UVH6d,2,0,0.3875215069856499
UVH7a,0,0,0.49999999999999956
UVH7a,0,1,1.887379141862766e-15
UVH7a,1,0,-4.3298697960381105e-15
UVH7a,0,2,-4.558853294867049e-15
UVH7a,1,1,3.3306690738754696e-15
UVH7a,2,0,-1.1102230246251565e-15
UVH7a,0,3,0.7287247115336435
UVH7a,1,2,-2.9124823718096957
UVH7a,2,1,4.585151113220638
UVH7a,3,0,3.9784395800567682
UVH7d,0,0,0.4999999999999999
UVH7d,0,1,-2.55351295663786e-15
UVH7d,1,0,1.5543122344752192e-15
UVH7d,0,2,2.733924198139448e-15
UVH7d,1,1,2.1094237467877974e-15
UVH7d,2,0,1.1102230246251565e-15
UVH7d,0,3,0.7287247115336375
UVH7d,1,2,-2.9124823718097455
UVH7d,2,1,4.5851511132206895
UVH7d,3,0,3.978439580056743
UVH8a,0,0,0.49999999999999784
UVH8a,0,1,4.884981308350689e-15
UVH8a,1,0,-4.9960036108132044e-15
UVH8a,0,2,4.440892098500626e-16
UVH8a,1,1,-9.769962616701378e-15
UVH8a,2,0,5.773159728050814e-15
UVH8a,0,3,0.06653812646461388
UVH8a,1,2,-0.32014995767617727
UVH8a,2,1,-0.00019067861534782793
UVH8a,3,0,-0.17864618591037562
UVH8d,0,0,0.5000000000000007
UVH8d,0,1,1.3600232051658168e-15
UVH8d,1,0,-1.6653345369377348e-15
UVH8d,0,2,1.0547118733938987e-15
UVH8d,1,1,-2.886579864025407e-15
UVH8d,2,0,1.1102230246251565e-16
UVH8d,0,3,-0.007906433348895736
UVH8d,1,2,-0.8317425969271253
UVH8d,2,1,0.5556150802757018
UVH8d,3,0,0.6199017011095753
